,accuracy,correct,count,Accuracy Parity,Accuracy Parity Class
male_1,0.1873134328358209,251.0,1340.0,,
male_2,0.232821341956346,288.0,1237.0,,
female_1,0.26288274831964153,352.0,1339.0,,
female_2,0.14308811641067098,177.0,1237.0,,
male,0.2091579355840124,539.0,2577.0,,
female,0.20535714285714285,529.0,2576.0,,
Group 1,0.22508398656215006,603,2679,0.07556931548382065,female
Group 2,0.1879547291835085,465,2474,0.089733225545675,male
Total,0.2072579080147487,1068,5153,0.003800792726869562,male
