,accuracy,correct,count,Accuracy Parity,Accuracy Parity Class
male_1,0.14701492537313432,197.0,1340.0,,
male_2,0.25222312045270817,312.0,1237.0,,
female_1,0.25093353248693057,336.0,1339.0,,
female_2,0.12206952303961197,151.0,1237.0,,
male,0.1975164920450136,509.0,2577.0,,
female,0.1890527950310559,487.0,2576.0,,
Group 1,0.19895483389324375,533,2679,0.10391860711379625,female
Group 2,0.18714632174616005,463,2474,0.1301535974130962,male
Total,0.19328546477779934,996,5153,0.008463697013957688,male
