,accuracy,correct,count,Accuracy Parity,Accuracy Parity Class
male_1,0.45017182130584193,131.0,291.0,,
male_2,0.4359861591695502,126.0,289.0,,
female_1,0.4261168384879725,124.0,291.0,,
female_2,0.3944636678200692,114.0,289.0,,
male,0.44310344827586207,257.0,580.0,,
female,0.4103448275862069,238.0,580.0,,
Group 1,0.4381443298969072,255,582,0.02405498281786944,male
Group 2,0.41522491349480967,240,578,0.041522491349480994,male
Total,0.4267241379310345,495,1160,0.03275862068965518,male
