,accuracy,correct,count,Accuracy Parity,Accuracy Parity Class
male_1,0.12238805970149254,164.0,1340.0,,
male_2,0.23362974939369444,289.0,1237.0,,
female_1,0.23674383868558627,317.0,1339.0,,
female_2,0.12045270816491511,149.0,1237.0,,
male,0.17578579743888242,453.0,2577.0,,
female,0.18090062111801242,466.0,2576.0,,
Group 1,0.1795446061963419,481,2679,0.11435577898409373,female
Group 2,0.17704122877930478,438,2474,0.11317704122877932,male
Total,0.1783427129827285,919,5153,0.005114823679129993,female
