,accuracy,correct,count,Accuracy Parity,Accuracy Parity Class
male_1,0.5085910652920962,148.0,291.0,,
male_2,0.2837370242214533,82.0,289.0,,
female_1,0.2542955326460481,74.0,291.0,,
female_2,0.4602076124567474,133.0,289.0,,
male,0.39655172413793105,230.0,580.0,,
female,0.3568965517241379,207.0,580.0,,
Group 1,0.38144329896907214,222,582,0.2542955326460481,male
Group 2,0.3719723183391003,215,578,0.1764705882352941,female
Total,0.3767241379310345,437,1160,0.03965517241379313,male
