,accuracy,correct,count,Accuracy Parity,Accuracy Parity Class
male_1,0.42955326460481097,125.0,291.0,,
male_2,0.43944636678200694,127.0,289.0,,
female_1,0.43986254295532645,128.0,291.0,,
female_2,0.4083044982698962,118.0,289.0,,
male,0.43448275862068964,252.0,580.0,,
female,0.4241379310344828,246.0,580.0,,
Group 1,0.43470790378006874,253,582,0.010309278350515483,female
Group 2,0.42387543252595156,245,578,0.03114186851211076,male
Total,0.42931034482758623,498,1160,0.010344827586206862,male
