,accuracy,correct,count,Accuracy Parity,Accuracy Parity Class
male_1,0.3156716417910448,423.0,1340.0,,
male_2,0.18027485852869846,223.0,1237.0,,
female_1,0.19268110530246452,258.0,1339.0,,
female_2,0.3265966046887631,404.0,1237.0,,
male,0.2506790842064416,646.0,2577.0,,
female,0.25698757763975155,662.0,2576.0,,
Group 1,0.2541993281075028,681,2679,0.12299053648858027,male
Group 2,0.2534357316087308,627,2474,0.14632174616006466,female
Total,0.25383271880457986,1308,5153,0.00630849343330997,female
