,accuracy,correct,count,Accuracy Parity,Accuracy Parity Class
male_1,0.4227405247813411,145.0,343.0,,
male_2,0.4289940828402367,145.0,338.0,,
female_1,0.3945578231292517,116.0,294.0,,
female_2,0.43125,138.0,320.0,,
male,0.42584434654919234,290.0,681.0,,
female,0.41368078175895767,254.0,614.0,,
Group 1,0.4097331240188383,261,637,0.028182701652089415,male
Group 2,0.43009118541033436,283,658,0.00225591715976331,female
Total,0.4200772200772201,544,1295,0.012163564790234671,male
