,accuracy,correct,count,Accuracy Parity,Accuracy Parity Class
male_1,0.3848797250859107,112.0,291.0,,
male_2,0.3494809688581315,101.0,289.0,,
female_1,0.37800687285223367,110.0,291.0,,
female_2,0.3737024221453287,108.0,289.0,,
male,0.36724137931034484,213.0,580.0,,
female,0.3758620689655172,218.0,580.0,,
Group 1,0.38144329896907214,222,582,0.006872852233677007,male
Group 2,0.3615916955017301,209,578,0.024221453287197214,female
Total,0.371551724137931,431,1160,0.008620689655172376,female
