,accuracy,correct,count,Accuracy Parity,Accuracy Parity Class
male_1,0.19243986254295534,56.0,291.0,,
male_2,0.23183391003460208,67.0,289.0,,
female_1,0.16838487972508592,49.0,291.0,,
female_2,0.24567474048442905,71.0,289.0,,
male,0.2120689655172414,123.0,580.0,,
female,0.20689655172413793,120.0,580.0,,
Group 1,0.18041237113402062,105,582,0.024054982817869414,male
Group 2,0.23875432525951557,138,578,0.01384083044982698,female
Total,0.20948275862068966,243,1160,0.005172413793103459,male
