,accuracy,correct,count,Accuracy Parity,Accuracy Parity Class,Per Class Accuracy Parity,Male Parity Top 3 Classes,Female Parity Top 3 Classes
male_1,0.32950391644908616,631.0,1915.0,,,,,
male_2,0.27840571088637717,468.0,1681.0,,,,,
female_1,0.31512868801004396,502.0,1593.0,,,,,
female_2,0.32666666666666666,490.0,1500.0,,,,,
male,0.30561735261401557,1099.0,3596.0,,,,,
female,0.32072421597154865,992.0,3093.0,,,,,
Group 1,0.32297605473204105,1133,3508,0.01437522843904221,male,0.13764971576174237,,
Group 2,0.30116315624017603,958,3181,0.048260955780289494,female,0.13375726596355822,,
Total,0.31260278068470626,2091,6689,0.015106863357533085,female,0.13570349086265035,"counting (0.5294117647058824), lathering (0.5252525252525253), autographing (0.4)","packing (-0.47058823529411764), mopping (-0.4476190476190476), saluting (-0.4444444444444444)"
