,accuracy,correct,count,Accuracy Parity,Accuracy Parity Class
male_1,0.30895522388059704,414.0,1340.0,,
male_2,0.1608730800323363,199.0,1237.0,,
female_1,0.16131441374159822,216.0,1339.0,,
female_2,0.2902182700080841,359.0,1237.0,,
male,0.23787349631354288,613.0,2577.0,,
female,0.22321428571428573,575.0,2576.0,,
Group 1,0.23516237402015677,630,2679,0.14764081013899882,male
Group 2,0.2255456750202102,558,2474,0.1293451899757478,female
Total,0.23054531340966428,1188,5153,0.01465921059925715,male
