,accuracy,correct,count,Accuracy Parity,Accuracy Parity Class
male_1,0.19552238805970149,262.0,1340.0,,
male_2,0.1915925626515764,237.0,1237.0,,
female_1,0.20687079910380882,277.0,1339.0,,
female_2,0.2053354890864996,254.0,1237.0,,
male,0.1936360108653473,499.0,2577.0,,
female,0.20613354037267081,531.0,2576.0,,
Group 1,0.20119447555057857,539,2679,0.011348411044107332,female
Group 2,0.198464025869038,491,2474,0.013742926434923197,female
Total,0.19988356297302542,1030,5153,0.012497529507323524,female
