,accuracy,correct,count,Accuracy Parity,Accuracy Parity Class
male_1,0.05154639175257732,15.0,291.0,,
male_2,0.18339100346020762,53.0,289.0,,
female_1,0.09965635738831616,29.0,291.0,,
female_2,0.13494809688581316,39.0,289.0,,
male,0.11724137931034483,68.0,580.0,,
female,0.11724137931034483,68.0,580.0,,
Group 1,0.07560137457044673,44,582,0.04810996563573884,female
Group 2,0.15916955017301038,92,578,0.048442906574394456,male
Total,0.11724137931034483,136,1160,0.0,female
