,accuracy,correct,count,Accuracy Parity,Accuracy Parity Class
male_1,0.3029850746268657,406.0,1340.0,,
male_2,0.16572352465642684,205.0,1237.0,,
female_1,0.1590739357729649,213.0,1339.0,,
female_2,0.2974939369442199,368.0,1237.0,,
male,0.23709740007760963,611.0,2577.0,,
female,0.22554347826086957,581.0,2576.0,,
Group 1,0.23105636431504292,619,2679,0.1439111388539008,male
Group 2,0.23160873080032338,573,2474,0.13177041228779304,female
Total,0.23132156025616146,1192,5153,0.01155392181674006,male
