,accuracy,correct,count,Accuracy Parity,Accuracy Parity Class
male_1,0.35051546391752575,102.0,291.0,,
male_2,0.5017301038062284,145.0,289.0,,
female_1,0.44329896907216493,129.0,291.0,,
female_2,0.314878892733564,91.0,289.0,,
male,0.42586206896551726,247.0,580.0,,
female,0.3793103448275862,220.0,580.0,,
Group 1,0.39690721649484534,231,582,0.09278350515463918,female
Group 2,0.4083044982698962,236,578,0.1868512110726644,male
Total,0.4025862068965517,467,1160,0.04655172413793107,male
