,accuracy,correct,count,Accuracy Parity,Accuracy Parity Class
male_1,0.21462140992167103,411.0,1915.0,,
male_2,0.14931588340273647,251.0,1681.0,,
female_1,0.25360954174513495,404.0,1593.0,,
female_2,0.21333333333333335,320.0,1500.0,,
male,0.18409343715239154,662.0,3596.0,,
female,0.23407694794697703,724.0,3093.0,,
Group 1,0.2323261117445838,815,3508,0.03898813182346392,female
Group 2,0.17950330084878968,571,3181,0.06401744993059688,female
Total,0.20720586036776797,1386,6689,0.04998351079458549,female
