,accuracy,correct,count,Accuracy Parity,Accuracy Parity Class
male_1,0.4570446735395189,133.0,291.0,,
male_2,0.44982698961937717,130.0,289.0,,
female_1,0.422680412371134,123.0,291.0,,
female_2,0.42214532871972316,122.0,289.0,,
male,0.453448275862069,263.0,580.0,,
female,0.4224137931034483,245.0,580.0,,
Group 1,0.43986254295532645,256,582,0.03436426116838487,male
Group 2,0.4359861591695502,252,578,0.027681660899654015,male
Total,0.4379310344827586,508,1160,0.031034482758620696,male
