,accuracy,correct,count,Accuracy Parity,Accuracy Parity Class
male_1,0.28865979381443296,84.0,291.0,,
male_2,0.34256055363321797,99.0,289.0,,
female_1,0.2646048109965636,77.0,291.0,,
female_2,0.328719723183391,95.0,289.0,,
male,0.31551724137931036,183.0,580.0,,
female,0.296551724137931,172.0,580.0,,
Group 1,0.2766323024054983,161,582,0.024054982817869386,male
Group 2,0.3356401384083045,194,578,0.01384083044982698,male
Total,0.30603448275862066,355,1160,0.018965517241379348,male
