,accuracy,correct,count,Accuracy Parity,Accuracy Parity Class
male_1,0.06872852233676977,20.0,291.0,,
male_2,0.14878892733564014,43.0,289.0,,
female_1,0.054982817869415807,16.0,291.0,,
female_2,0.07612456747404844,22.0,289.0,,
male,0.10862068965517241,63.0,580.0,,
female,0.06551724137931035,38.0,580.0,,
Group 1,0.061855670103092786,36,582,0.013745704467353959,male
Group 2,0.11245674740484429,65,578,0.0726643598615917,male
Total,0.08706896551724137,101,1160,0.04310344827586206,male
