,accuracy,correct,count,Accuracy Parity,Accuracy Parity Class
male_1,0.31716417910447764,425.0,1340.0,,
male_2,0.18916734033953111,234.0,1237.0,,
female_1,0.18446601941747573,247.0,1339.0,,
female_2,0.3120452708164915,386.0,1237.0,,
male,0.25572370974000774,659.0,2577.0,,
female,0.24572981366459629,633.0,2576.0,,
Group 1,0.25083986562150057,672,2679,0.1326981596870019,male
Group 2,0.25060630557801133,620,2474,0.12287793047696041,female
Total,0.2507277314185911,1292,5153,0.009993896075411457,male
