,accuracy,correct,count
male_1,0.41237113402061853,120.0,291.0
male_2,0.39792387543252594,115.0,289.0
female_1,0.38144329896907214,111.0,291.0
female_2,0.39792387543252594,115.0,289.0
