,accuracy,correct,count,Accuracy Parity,Accuracy Parity Class
male_1,0.3470790378006873,101.0,291.0,,
male_2,0.3460207612456747,100.0,289.0,,
female_1,0.3127147766323024,91.0,291.0,,
female_2,0.34256055363321797,99.0,289.0,,
male,0.34655172413793106,201.0,580.0,,
female,0.3275862068965517,190.0,580.0,,
Group 1,0.32989690721649484,192,582,0.03436426116838487,male
Group 2,0.34429065743944637,199,578,0.003460207612456745,male
Total,0.33706896551724136,391,1160,0.018965517241379348,male
