,accuracy,correct,count,Accuracy Parity,Accuracy Parity Class
male_1,0.46647230320699706,160.0,343.0,,
male_2,0.4822485207100592,163.0,338.0,,
female_1,0.445578231292517,131.0,294.0,,
female_2,0.459375,147.0,320.0,,
male,0.47430249632892807,323.0,681.0,,
female,0.4527687296416938,278.0,614.0,,
Group 1,0.45682888540031397,291,637,0.02089407191448006,male
Group 2,0.47112462006079026,310,658,0.022873520710059214,male
Total,0.4640926640926641,601,1295,0.02153376668723428,male
