,accuracy,correct,count
male_1,0.42565597667638483,146.0,343.0
male_2,0.45857988165680474,155.0,338.0
female_1,0.38095238095238093,112.0,294.0
female_2,0.415625,133.0,320.0
