,accuracy,correct,count,Accuracy Parity,Accuracy Parity Class
male_1,0.14253731343283582,191.0,1340.0,,
male_2,0.26839126919967665,332.0,1237.0,,
female_1,0.24122479462285287,323.0,1339.0,,
female_2,0.12530315278900567,155.0,1237.0,,
male,0.20294916569654636,523.0,2577.0,,
female,0.18555900621118013,478.0,2576.0,,
Group 1,0.19186263531168346,514,2679,0.09868748119001705,female
Group 2,0.19684721099434116,487,2474,0.14308811641067098,male
Total,0.1942557733359208,1001,5153,0.017390159485366236,male
