,accuracy,correct,count,Accuracy Parity,Accuracy Parity Class
male_1,0.25149253731343285,337.0,1340.0,,
male_2,0.14470493128536782,179.0,1237.0,,
female_1,0.17849141150112025,239.0,1339.0,,
female_2,0.253839935327405,314.0,1237.0,,
male,0.20023282887077998,516.0,2577.0,,
female,0.21467391304347827,553.0,2576.0,,
Group 1,0.21500559910414332,576,2679,0.0730011258123126,male
Group 2,0.19927243330638642,493,2474,0.10913500404203719,female
Total,0.20745196972637298,1069,5153,0.014441084172698293,female
