,accuracy,correct,count,Accuracy Parity,Accuracy Parity Class
male_1,0.2716417910447761,364.0,1340.0,,
male_2,0.12045270816491511,149.0,1237.0,,
female_1,0.14189693801344286,190.0,1339.0,,
female_2,0.2716248989490703,336.0,1237.0,,
male,0.1990686845168801,513.0,2577.0,,
female,0.20419254658385094,526.0,2576.0,,
Group 1,0.20679357969391565,554,2679,0.12974485303133323,male
Group 2,0.1960388035569927,485,2474,0.15117219078415522,female
Total,0.20163011837764408,1039,5153,0.005123862066970852,female
