,accuracy,correct,count,Accuracy Parity,Accuracy Parity Class
male_1,0.2716417910447761,364.0,1340.0,,
male_2,0.13581244947453516,168.0,1237.0,,
female_1,0.13517550410754295,181.0,1339.0,,
female_2,0.2837510105092967,351.0,1237.0,,
male,0.20644159875824603,532.0,2577.0,,
female,0.20652173913043478,532.0,2576.0,,
Group 1,0.2034341172079134,545,2679,0.13646628693723314,male
Group 2,0.20978172999191594,519,2474,0.14793856103476152,female
Total,0.2064816611682515,1064,5153,8.014037218875836e-05,female
