,accuracy,correct,count,Accuracy Parity,Accuracy Parity Class
male_1,0.37800687285223367,110.0,291.0,,
male_2,0.370242214532872,107.0,289.0,,
female_1,0.40893470790378006,119.0,291.0,,
female_2,0.34256055363321797,99.0,289.0,,
male,0.3741379310344828,217.0,580.0,,
female,0.3758620689655172,218.0,580.0,,
Group 1,0.39347079037800686,229,582,0.030927835051546393,female
Group 2,0.356401384083045,206,578,0.027681660899654015,male
Total,0.375,435,1160,0.0017241379310344307,female
