,accuracy,correct,count,Accuracy Parity,Accuracy Parity Class
male_1,0.5051546391752577,147.0,291.0,,
male_2,0.2491349480968858,72.0,289.0,,
female_1,0.29896907216494845,87.0,291.0,,
female_2,0.46366782006920415,134.0,289.0,,
male,0.3775862068965517,219.0,580.0,,
female,0.3810344827586207,221.0,580.0,,
Group 1,0.4020618556701031,234,582,0.20618556701030927,male
Group 2,0.356401384083045,206,578,0.21453287197231835,female
Total,0.3793103448275862,440,1160,0.0034482758620689724,female
