,accuracy,correct,count,Accuracy Parity,Accuracy Parity Class,Per Class Accuracy Parity,Male Parity Top 3 Classes,Female Parity Top 3 Classes
male_1,0.37089552238805973,497.0,1340.0,,,,,
male_2,0.3451899757477769,427.0,1237.0,,,,,
female_1,0.3577296489917849,479.0,1339.0,,,,,
female_2,0.3217461600646726,398.0,1237.0,,,,,
male,0.3585564610011641,924.0,2577.0,,,,,
female,0.3404503105590062,877.0,2576.0,,,,,
Group 1,0.3643150429264651,976,2679,0.013165873396274841,male,0.1131700683647278,,
Group 2,0.33346806790622474,825,2474,0.023443815683104274,male,0.15655254781338368,,
Total,0.34950514263535803,1801,5153,0.01810615044215791,male,0.13486130808905564,"standing (0.5384615384615385), gardening (0.5), wrinkling (0.49999999999999994)","climbing (-0.45454545454545453), stripping (-0.42857142857142855), strapping (-0.4)"
