,accuracy,correct,count,Accuracy Parity,Accuracy Parity Class
male_1,0.3383812010443864,648.0,1915.0,,
male_2,0.29327781082688875,493.0,1681.0,,
female_1,0.31889516635279347,508.0,1593.0,,
female_2,0.3233333333333333,485.0,1500.0,,
male,0.31729699666295885,1141.0,3596.0,,
female,0.32104752667313285,993.0,3093.0,,
Group 1,0.3295324971493729,1156,3508,0.019486034691592935,male
Group 2,0.30745048726815466,978,3181,0.030055522506444554,female
Total,0.3190312453281507,2134,6689,0.0037505300101740024,female
