,accuracy,correct,count,Accuracy Parity,Accuracy Parity Class
male_1,0.1417910447761194,190.0,1340.0,,
male_2,0.2368633791430881,293.0,1237.0,,
female_1,0.268857356235997,360.0,1339.0,,
female_2,0.11560226354082458,143.0,1237.0,,
male,0.18742724097788127,483.0,2577.0,,
female,0.1952639751552795,503.0,2576.0,,
Group 1,0.20530048525569242,550,2679,0.1270663114598776,female
Group 2,0.17623282134195634,436,2474,0.12126111560226353,male
Total,0.19134484766155638,986,5153,0.007836734177398219,female
