,accuracy,correct,count,Accuracy Parity,Accuracy Parity Class
male_1,0.43986254295532645,128.0,291.0,,
male_2,0.27335640138408307,79.0,289.0,,
female_1,0.2508591065292096,73.0,291.0,,
female_2,0.4083044982698962,118.0,289.0,,
male,0.3568965517241379,207.0,580.0,,
female,0.3293103448275862,191.0,580.0,,
Group 1,0.34536082474226804,201,582,0.18900343642611683,male
Group 2,0.3408304498269896,197,578,0.1349480968858131,female
Total,0.3431034482758621,398,1160,0.027586206896551724,male
