,accuracy,correct,count,Accuracy Parity,Accuracy Parity Class
male_1,0.23432835820895523,314.0,1340.0,,
male_2,0.13662085691188358,169.0,1237.0,,
female_1,0.1777445855115758,238.0,1339.0,,
female_2,0.1883589329021827,233.0,1237.0,,
male,0.18742724097788127,483.0,2577.0,,
female,0.1828416149068323,471.0,2576.0,,
Group 1,0.20604703247480402,552,2679,0.056583772697379436,male
Group 2,0.16248989490703314,402,2474,0.051738075990299115,female
Total,0.1851348728895789,954,5153,0.004585626071048982,male
