,accuracy,correct,count,Accuracy Parity,Accuracy Parity Class
male_1,0.13745704467353953,40.0,291.0,,
male_2,0.1903114186851211,55.0,289.0,,
female_1,0.13402061855670103,39.0,291.0,,
female_2,0.25259515570934254,73.0,289.0,,
male,0.16379310344827586,95.0,580.0,,
female,0.19310344827586207,112.0,580.0,,
Group 1,0.13573883161512026,79,582,0.0034364261168385035,male
Group 2,0.22145328719723184,128,578,0.062283737024221436,female
Total,0.17844827586206896,207,1160,0.02931034482758621,female
