,accuracy,correct,count,Accuracy Parity,Accuracy Parity Class
male_1,0.2877284595300261,551.0,1915.0,,
male_2,0.21713265913146937,365.0,1681.0,,
female_1,0.2780916509730069,443.0,1593.0,,
female_2,0.25533333333333336,383.0,1500.0,,
male,0.25472747497219134,916.0,3596.0,,
female,0.2670546395085677,826.0,3093.0,,
Group 1,0.28335233751425315,994,3508,0.009636808557019205,male
Group 2,0.2351461804464005,748,3181,0.03820067420186399,female
Total,0.26042756764837793,1742,6689,0.01232716453637639,female
