,accuracy,correct,count
male_1,0.17754569190600522,340.0,1915.0
male_2,0.1124330755502677,189.0,1681.0
female_1,0.19146264908976773,305.0,1593.0
female_2,0.15733333333333333,236.0,1500.0
