,accuracy,correct,count,Accuracy Parity,Accuracy Parity Class
male_1,0.3263707571801567,625.0,1915.0,,
male_2,0.27483640690065436,462.0,1681.0,,
female_1,0.33584431889516636,535.0,1593.0,,
female_2,0.32866666666666666,493.0,1500.0,,
male,0.30228031145717466,1087.0,3596.0,,
female,0.33236340122858066,1028.0,3093.0,,
Group 1,0.330672748004561,1160,3508,0.009473561715009682,female
Group 2,0.3002200565859793,955,3181,0.0538302597660123,female
Total,0.3161907609508148,2115,6689,0.030083089771406002,female
