,accuracy,correct,count,Accuracy Parity,Accuracy Parity Class
male_1,0.3258485639686684,624.0,1915.0,,
male_2,0.27543129089827484,463.0,1681.0,,
female_1,0.3163841807909605,504.0,1593.0,,
female_2,0.322,483.0,1500.0,,
male,0.30228031145717466,1087.0,3596.0,,
female,0.31910766246362754,987.0,3093.0,,
Group 1,0.3215507411630559,1128,3508,0.009464383177707925,male
Group 2,0.29739075762338885,946,3181,0.04656870910172517,female
Total,0.31006129466287935,2074,6689,0.016827351006452884,female
