,accuracy,correct,count,Accuracy Parity,Accuracy Parity Class
male_1,0.4020618556701031,117.0,291.0,,
male_2,0.25951557093425603,75.0,289.0,,
female_1,0.23711340206185566,69.0,291.0,,
female_2,0.46366782006920415,134.0,289.0,,
male,0.3310344827586207,192.0,580.0,,
female,0.35,203.0,580.0,,
Group 1,0.31958762886597936,186,582,0.16494845360824745,male
Group 2,0.3615916955017301,209,578,0.20415224913494812,female
Total,0.34051724137931033,395,1160,0.018965517241379293,female
