,accuracy,correct,count,Accuracy Parity,Accuracy Parity Class
male_1,0.1843283582089552,247.0,1340.0,,
male_2,0.3047696038803557,377.0,1237.0,,
female_1,0.3032113517550411,406.0,1339.0,,
female_2,0.16653193209377526,206.0,1237.0,,
male,0.2421420256111758,624.0,2577.0,,
female,0.2375776397515528,612.0,2576.0,,
Group 1,0.24374766703994027,653,2679,0.11888299354608589,female
Group 2,0.23565076798706547,583,2474,0.13823767178658042,male
Total,0.2398602755676305,1236,5153,0.004564385859622988,male
