,accuracy,correct,count,Accuracy Parity,Accuracy Parity Class
male_1,0.2939947780678851,563.0,1915.0,,
male_2,0.280785246876859,472.0,1681.0,,
female_1,0.32077840552416825,511.0,1593.0,,
female_2,0.31866666666666665,478.0,1500.0,,
male,0.2878197997775306,1035.0,3596.0,,
female,0.319754283866796,989.0,3093.0,,
Group 1,0.30615735461801596,1074,3508,0.026783627456283154,female
Group 2,0.2986482238289846,950,3181,0.037881419789807635,female
Total,0.30258633577515326,2024,6689,0.031934484089265414,female
