,accuracy,correct,count,Accuracy Parity,Accuracy Parity Class
male_1,0.4742268041237113,138.0,291.0,,
male_2,0.25951557093425603,75.0,289.0,,
female_1,0.2508591065292096,73.0,291.0,,
female_2,0.4290657439446367,124.0,289.0,,
male,0.36724137931034484,213.0,580.0,,
female,0.3396551724137931,197.0,580.0,,
Group 1,0.36254295532646047,211,582,0.2233676975945017,male
Group 2,0.34429065743944637,199,578,0.16955017301038067,female
Total,0.35344827586206895,410,1160,0.027586206896551724,male
