,accuracy,correct,count,Accuracy Parity,Accuracy Parity Class
male_1,0.4879725085910653,142.0,291.0,,
male_2,0.30103806228373703,87.0,289.0,,
female_1,0.2920962199312715,85.0,291.0,,
female_2,0.4532871972318339,131.0,289.0,,
male,0.39482758620689656,229.0,580.0,,
female,0.3724137931034483,216.0,580.0,,
Group 1,0.3900343642611684,227,582,0.19587628865979378,male
Group 2,0.3771626297577855,218,578,0.1522491349480969,female
Total,0.38362068965517243,445,1160,0.022413793103448265,male
