,accuracy,correct,count,Accuracy Parity,Accuracy Parity Class
male_1,0.422680412371134,123.0,291.0,,
male_2,0.41522491349480967,120.0,289.0,,
female_1,0.3951890034364261,115.0,291.0,,
female_2,0.42560553633217996,123.0,289.0,,
male,0.4189655172413793,243.0,580.0,,
female,0.4103448275862069,238.0,580.0,,
Group 1,0.40893470790378006,238,582,0.027491408934707917,male
Group 2,0.4204152249134948,243,578,0.01038062283737029,female
Total,0.4146551724137931,481,1160,0.008620689655172431,male
