,accuracy,correct,count,Accuracy Parity,Accuracy Parity Class
male_1,0.38831615120274915,113.0,291.0,,
male_2,0.3771626297577855,109.0,289.0,,
female_1,0.41924398625429554,122.0,291.0,,
female_2,0.39100346020761245,113.0,289.0,,
male,0.38275862068965516,222.0,580.0,,
female,0.4051724137931034,235.0,580.0,,
Group 1,0.40378006872852235,235,582,0.030927835051546393,female
Group 2,0.38408304498269896,222,578,0.01384083044982698,female
Total,0.3939655172413793,457,1160,0.022413793103448265,female
