,accuracy,correct,count,Accuracy Parity,Accuracy Parity Class
male_1,0.25522388059701495,342.0,1340.0,,
male_2,0.25303152789005656,313.0,1237.0,,
female_1,0.2554144884241972,342.0,1339.0,,
female_2,0.27809215844785773,344.0,1237.0,,
male,0.25417151726814124,655.0,2577.0,,
female,0.266304347826087,686.0,2576.0,,
Group 1,0.2553191489361702,684,2679,0.0001906078271822209,female
Group 2,0.26556184316895715,657,2474,0.025060630557801167,female
Total,0.26023675528818163,1341,5153,0.012132830557945729,female
