,accuracy,correct,count,Accuracy Parity,Accuracy Parity Class
male_1,0.20149253731343283,270.0,1340.0,,
male_2,0.3128536782538399,387.0,1237.0,,
female_1,0.31366691560866317,420.0,1339.0,,
female_2,0.16491511721907842,204.0,1237.0,,
male,0.2549476135040745,657.0,2577.0,,
female,0.2422360248447205,624.0,2576.0,,
Group 1,0.25755879059350506,690,2679,0.11217437829523033,female
Group 2,0.23888439773645917,591,2474,0.1479385610347615,male
Total,0.24859305259072384,1281,5153,0.012711588659354012,male
