,accuracy,correct,count,Accuracy Parity,Accuracy Parity Class
male_1,0.25149253731343285,337.0,1340.0,,
male_2,0.2425222312045271,300.0,1237.0,,
female_1,0.24869305451829724,333.0,1339.0,,
female_2,0.23443815683104285,290.0,1237.0,,
male,0.24718665114474195,637.0,2577.0,,
female,0.2418478260869565,623.0,2576.0,,
Group 1,0.25009331840238896,670,2679,0.002799482795135616,male
Group 2,0.23848019401778497,590,2474,0.00808407437348424,male
Total,0.24451775664661363,1260,5153,0.005338825057785435,male
