,accuracy,correct,count,Accuracy Parity,Accuracy Parity Class
male_1,0.49140893470790376,143.0,291.0,,
male_2,0.25259515570934254,73.0,289.0,,
female_1,0.27491408934707906,80.0,291.0,,
female_2,0.4429065743944637,128.0,289.0,,
male,0.3724137931034483,216.0,580.0,,
female,0.3586206896551724,208.0,580.0,,
Group 1,0.38316151202749144,223,582,0.2164948453608247,male
Group 2,0.3477508650519031,201,578,0.19031141868512114,female
Total,0.36551724137931035,424,1160,0.01379310344827589,male
