,accuracy,correct,count,Accuracy Parity,Accuracy Parity Class
male_1,0.20699708454810495,71.0,343.0,,
male_2,0.2988165680473373,101.0,338.0,,
female_1,0.21428571428571427,63.0,294.0,,
female_2,0.3125,100.0,320.0,,
male,0.2525697503671072,172.0,681.0,,
female,0.26547231270358307,163.0,614.0,,
Group 1,0.21036106750392464,134,637,0.007288629737609326,female
Group 2,0.30547112462006076,201,658,0.013683431952662695,female
Total,0.25868725868725867,335,1295,0.012902562336475853,female
