,accuracy,correct,count,Accuracy Parity,Accuracy Parity Class
male_1,0.019402985074626865,26.0,1340.0,,
male_2,0.0,0.0,1237.0,,
female_1,0.019417475728155338,26.0,1339.0,,
female_2,0.0,0.0,1237.0,,
male,0.010089251067132324,26.0,2577.0,,
female,0.010093167701863354,26.0,2576.0,,
Group 1,0.01941022769690183,52,2679,1.449065352847334e-05,female
Group 2,0.0,0,2474,0.0,female
Total,0.01009120900446342,52,5153,3.916634731029531e-06,female
