,accuracy,correct,count,Accuracy Parity,Accuracy Parity Class
male_1,0.44314868804664725,152.0,343.0,,
male_2,0.45857988165680474,155.0,338.0,,
female_1,0.4489795918367347,132.0,294.0,,
female_2,0.459375,147.0,320.0,,
male,0.45080763582966227,307.0,681.0,,
female,0.4543973941368078,279.0,614.0,,
Group 1,0.44583987441130296,284,637,0.005830903790087438,female
Group 2,0.45896656534954405,302,658,0.0007951183431952336,female
Total,0.4525096525096525,586,1295,0.0035897583071455297,female
