,accuracy,correct,count,Accuracy Parity,Accuracy Parity Class
male_1,0.1718213058419244,50.0,291.0,,
male_2,0.22837370242214533,66.0,289.0,,
female_1,0.10652920962199312,31.0,291.0,,
female_2,0.2837370242214533,82.0,289.0,,
male,0.2,116.0,580.0,,
female,0.19482758620689655,113.0,580.0,,
Group 1,0.13917525773195877,81,582,0.06529209621993128,male
Group 2,0.2560553633217993,148,578,0.055363321799307974,female
Total,0.19741379310344828,229,1160,0.005172413793103459,male
