,accuracy,correct,count,Accuracy Parity,Accuracy Parity Class
male_1,0.1843283582089552,247.0,1340.0,,
male_2,0.20129345189975748,249.0,1237.0,,
female_1,0.18745332337565349,251.0,1339.0,,
female_2,0.22069523039611966,273.0,1237.0,,
male,0.19247186651144743,496.0,2577.0,,
female,0.20341614906832298,524.0,2576.0,,
Group 1,0.1858902575587906,498,2679,0.0031249651666982736,female
Group 2,0.21099434114793855,522,2474,0.019401778496362182,female
Total,0.19794294585678246,1020,5153,0.010944282556875545,female
