,accuracy,correct,count,Accuracy Parity,Accuracy Parity Class
male_1,0.43440233236151604,149.0,343.0,,
male_2,0.44970414201183434,152.0,338.0,,
female_1,0.4489795918367347,132.0,294.0,,
female_2,0.45625,146.0,320.0,,
male,0.4419970631424376,301.0,681.0,,
female,0.4527687296416938,278.0,614.0,,
Group 1,0.4411302982731554,281,637,0.014577259475218651,female
Group 2,0.45288753799392095,298,658,0.006545857988165649,female
Total,0.4471042471042471,579,1295,0.010771666499256205,female
