,accuracy,correct,count,Accuracy Parity,Accuracy Parity Class
male_1,0.33107049608355094,634.0,1915.0,,
male_2,0.27959547888161806,470.0,1681.0,,
female_1,0.3113622096672944,496.0,1593.0,,
female_2,0.324,486.0,1500.0,,
male,0.30700778642936594,1104.0,3596.0,,
female,0.3174911089557064,982.0,3093.0,,
Group 1,0.3221208665906499,1130,3508,0.01970828641625655,male
Group 2,0.30053442313737816,956,3181,0.044404521118381945,female
Total,0.3118552847959336,2086,6689,0.010483322526340488,female
