,accuracy,correct,count,Accuracy Parity,Accuracy Parity Class
male_1,0.32845953002610967,629.0,1915.0,,
male_2,0.2819750148720999,474.0,1681.0,,
female_1,0.3214061519146265,512.0,1593.0,,
female_2,0.328,492.0,1500.0,,
male,0.3067296996662959,1103.0,3596.0,,
female,0.32460394439055934,1004.0,3093.0,,
Group 1,0.32525655644241735,1141,3508,0.007053378111483155,male
Group 2,0.3036780886513675,966,3181,0.0460249851279001,female
Total,0.3149947675287786,2107,6689,0.017874244724263466,female
