,accuracy,correct,count,Accuracy Parity,Accuracy Parity Class
male_1,0.4054982817869416,118.0,291.0,,
male_2,0.4013840830449827,116.0,289.0,,
female_1,0.4054982817869416,118.0,291.0,,
female_2,0.370242214532872,107.0,289.0,,
male,0.40344827586206894,234.0,580.0,,
female,0.3879310344827586,225.0,580.0,,
Group 1,0.4054982817869416,236,582,0.0,female
Group 2,0.38581314878892736,223,578,0.031141868512110704,male
Total,0.3956896551724138,459,1160,0.01551724137931032,male
