,accuracy,correct,count,Accuracy Parity,Accuracy Parity Class
male_1,0.43986254295532645,128.0,291.0,,
male_2,0.3356401384083045,97.0,289.0,,
female_1,0.29553264604810997,86.0,291.0,,
female_2,0.5051903114186851,146.0,289.0,,
male,0.3879310344827586,225.0,580.0,,
female,0.4,232.0,580.0,,
Group 1,0.36769759450171824,214,582,0.14432989690721648,male
Group 2,0.4204152249134948,243,578,0.1695501730103806,female
Total,0.3939655172413793,457,1160,0.012068965517241403,female
