,accuracy,correct,count,Accuracy Parity,Accuracy Parity Class
male_1,0.45017182130584193,131.0,291.0,,
male_2,0.25951557093425603,75.0,289.0,,
female_1,0.27147766323024053,79.0,291.0,,
female_2,0.4083044982698962,118.0,289.0,,
male,0.35517241379310344,206.0,580.0,,
female,0.3396551724137931,197.0,580.0,,
Group 1,0.36082474226804123,210,582,0.1786941580756014,male
Group 2,0.33391003460207613,193,578,0.14878892733564014,female
Total,0.3474137931034483,403,1160,0.01551724137931032,male
