,accuracy,correct,count,Accuracy Parity,Accuracy Parity Class
male_1,0.32950391644908616,631.0,1915.0,,
male_2,0.264128494943486,444.0,1681.0,,
female_1,0.3352165725047081,534.0,1593.0,,
female_2,0.31666666666666665,475.0,1500.0,,
male,0.2989432703003337,1075.0,3596.0,,
female,0.32622049789848045,1009.0,3093.0,,
Group 1,0.33209806157354615,1165,3508,0.005712656055621934,female
Group 2,0.2889028607356177,919,3181,0.05253817172318065,female
Total,0.3115562864404246,2084,6689,0.02727722759814677,female
