,accuracy,correct,count,Accuracy Parity,Accuracy Parity Class
male_1,0.3935860058309038,135.0,343.0,,
male_2,0.40532544378698226,137.0,338.0,,
female_1,0.38095238095238093,112.0,294.0,,
female_2,0.378125,121.0,320.0,,
male,0.39941262848751835,272.0,681.0,,
female,0.3794788273615635,233.0,614.0,,
Group 1,0.3877551020408163,247,637,0.012633624878522876,male
Group 2,0.39209726443769,258,658,0.027200443786982276,male
Total,0.38996138996138996,505,1295,0.01993380112595483,male
