,accuracy,correct,count,Accuracy Parity,Accuracy Parity Class
male_1,0.49140893470790376,143.0,291.0,,
male_2,0.2906574394463668,84.0,289.0,,
female_1,0.27491408934707906,80.0,291.0,,
female_2,0.44982698961937717,130.0,289.0,,
male,0.3913793103448276,227.0,580.0,,
female,0.3620689655172414,210.0,580.0,,
Group 1,0.38316151202749144,223,582,0.2164948453608247,male
Group 2,0.370242214532872,214,578,0.15916955017301038,female
Total,0.3767241379310345,437,1160,0.02931034482758621,male
