,accuracy,correct,count,Accuracy Parity,Accuracy Parity Class
male_1,0.3216710182767624,616.0,1915.0,,
male_2,0.26710291493158833,449.0,1681.0,,
female_1,0.3126177024482109,498.0,1593.0,,
female_2,0.32066666666666666,481.0,1500.0,,
male,0.29616240266963295,1065.0,3596.0,,
female,0.31652117685095377,979.0,3093.0,,
Group 1,0.31755986316989737,1114,3508,0.009053315828551511,male
Group 2,0.29236089280100597,930,3181,0.053563751735078324,female
Total,0.3055763193302437,2044,6689,0.020358774181320816,female
