,accuracy,correct,count,Accuracy Parity,Accuracy Parity Class
male_1,0.4879725085910653,142.0,291.0,,
male_2,0.3217993079584775,93.0,289.0,,
female_1,0.29553264604810997,86.0,291.0,,
female_2,0.5363321799307958,155.0,289.0,,
male,0.4051724137931034,235.0,580.0,,
female,0.41551724137931034,241.0,580.0,,
Group 1,0.3917525773195876,228,582,0.1924398625429553,male
Group 2,0.4290657439446367,248,578,0.21453287197231835,female
Total,0.4103448275862069,476,1160,0.010344827586206917,female
