,accuracy,correct,count,Accuracy Parity,Accuracy Parity Class
male_1,0.46048109965635736,134.0,291.0,,
male_2,0.44982698961937717,130.0,289.0,,
female_1,0.43986254295532645,128.0,291.0,,
female_2,0.3771626297577855,109.0,289.0,,
male,0.45517241379310347,264.0,580.0,,
female,0.4086206896551724,237.0,580.0,,
Group 1,0.45017182130584193,262,582,0.02061855670103091,male
Group 2,0.4134948096885813,239,578,0.0726643598615917,male
Total,0.43189655172413793,501,1160,0.04655172413793107,male
