,accuracy,correct,count,Accuracy Parity,Accuracy Parity Class
male_1,0.140893470790378,41.0,291.0,,
male_2,0.22837370242214533,66.0,289.0,,
female_1,0.08934707903780069,26.0,291.0,,
female_2,0.3079584775086505,89.0,289.0,,
male,0.18448275862068966,107.0,580.0,,
female,0.19827586206896552,115.0,580.0,,
Group 1,0.11512027491408934,67,582,0.05154639175257732,male
Group 2,0.2681660899653979,155,578,0.07958477508650519,female
Total,0.19137931034482758,222,1160,0.013793103448275862,female
