,accuracy,correct,count,Accuracy Parity,Accuracy Parity Class
male_1,0.24054982817869416,70.0,291.0,,
male_2,0.42560553633217996,123.0,289.0,,
female_1,0.422680412371134,123.0,291.0,,
female_2,0.2041522491349481,59.0,289.0,,
male,0.33275862068965517,193.0,580.0,,
female,0.3137931034482759,182.0,580.0,,
Group 1,0.3316151202749141,193,582,0.18213058419243985,female
Group 2,0.314878892733564,182,578,0.22145328719723187,male
Total,0.3232758620689655,375,1160,0.018965517241379293,male
