,accuracy,correct,count,Accuracy Parity,Accuracy Parity Class
male_1,0.3917525773195876,114.0,291.0,,
male_2,0.2629757785467128,76.0,289.0,,
female_1,0.23024054982817868,67.0,291.0,,
female_2,0.4532871972318339,131.0,289.0,,
male,0.3275862068965517,190.0,580.0,,
female,0.3413793103448276,198.0,580.0,,
Group 1,0.31099656357388317,181,582,0.16151202749140894,male
Group 2,0.35813148788927335,207,578,0.19031141868512114,female
Total,0.33448275862068966,388,1160,0.01379310344827589,female
