,accuracy,correct,count,Accuracy Parity,Accuracy Parity Class
male_1,0.5017182130584192,146.0,291.0,,
male_2,0.3079584775086505,89.0,289.0,,
female_1,0.28865979381443296,84.0,291.0,,
female_2,0.5051903114186851,146.0,289.0,,
male,0.4051724137931034,235.0,580.0,,
female,0.39655172413793105,230.0,580.0,,
Group 1,0.3951890034364261,230,582,0.21305841924398627,male
Group 2,0.40657439446366783,235,578,0.19723183391003457,female
Total,0.40086206896551724,465,1160,0.008620689655172376,male
