,accuracy,correct,count,Accuracy Parity,Accuracy Parity Class
male_1,0.3156716417910448,423.0,1340.0,,
male_2,0.15521422797089734,192.0,1237.0,,
female_1,0.16878267363704258,226.0,1339.0,,
female_2,0.3330638641875505,412.0,1237.0,,
male,0.23864959254947612,615.0,2577.0,,
female,0.24767080745341616,638.0,2576.0,,
Group 1,0.24225457260171707,649,2679,0.1468889681540022,male
Group 2,0.24413904607922393,604,2474,0.17784963621665317,female
Total,0.24315932466524354,1253,5153,0.009021214903940034,female
