,accuracy,correct,count,Accuracy Parity,Accuracy Parity Class
male_1,0.4570446735395189,133.0,291.0,,
male_2,0.23875432525951557,69.0,289.0,,
female_1,0.2611683848797251,76.0,291.0,,
female_2,0.4013840830449827,116.0,289.0,,
male,0.3482758620689655,202.0,580.0,,
female,0.3310344827586207,192.0,580.0,,
Group 1,0.359106529209622,209,582,0.19587628865979378,male
Group 2,0.32006920415224915,185,578,0.16262975778546712,female
Total,0.3396551724137931,394,1160,0.017241379310344807,male
