,accuracy,correct,count,Accuracy Parity,Accuracy Parity Class
male_1,0.2902985074626866,389.0,1340.0,,
male_2,0.274858528698464,340.0,1237.0,,
female_1,0.28454070201643017,381.0,1339.0,,
female_2,0.26839126919967665,332.0,1237.0,,
male,0.2828870779976717,729.0,2577.0,,
female,0.2767857142857143,713.0,2576.0,,
Group 1,0.2874206793579694,770,2679,0.005757805446256425,male
Group 2,0.2716248989490703,672,2474,0.006467259498787348,male
Total,0.27983698816223557,1442,5153,0.006101363711957408,male
