,accuracy,correct,count,Accuracy Parity,Accuracy Parity Class
male_1,0.10671641791044777,143.0,1340.0,,
male_2,0.09296685529506872,115.0,1237.0,,
female_1,0.1179985063480209,158.0,1339.0,,
female_2,0.116410670978173,144.0,1237.0,,
male,0.10011641443538999,258.0,2577.0,,
female,0.1172360248447205,302.0,2576.0,,
Group 1,0.11235535647629713,301,2679,0.01128208843757314,female
Group 2,0.10468876313662086,259,2474,0.023443815683104274,female
Total,0.10867455850960606,560,5153,0.017119610409330507,female
