,accuracy,correct,count,Accuracy Parity,Accuracy Parity Class
male_1,0.07216494845360824,21.0,291.0,,
male_2,0.1522491349480969,44.0,289.0,,
female_1,0.058419243986254296,17.0,291.0,,
female_2,0.0726643598615917,21.0,289.0,,
male,0.11206896551724138,65.0,580.0,,
female,0.06551724137931035,38.0,580.0,,
Group 1,0.06529209621993128,38,582,0.013745704467353945,male
Group 2,0.11245674740484429,65,578,0.07958477508650519,male
Total,0.08879310344827586,103,1160,0.04655172413793103,male
