,accuracy,correct,count
male_1,0.46355685131195334,159.0,343.0
male_2,0.514792899408284,174.0,338.0
female_1,0.46598639455782315,137.0,294.0
female_2,0.484375,155.0,320.0
