,accuracy,correct,count,Accuracy Parity,Accuracy Parity Class
male_1,0.21343283582089553,286.0,1340.0,,
male_2,0.30315278900565884,375.0,1237.0,,
female_1,0.31366691560866317,420.0,1339.0,,
female_2,0.17542441390460792,217.0,1237.0,,
male,0.256499805975941,661.0,2577.0,,
female,0.24728260869565216,637.0,2576.0,,
Group 1,0.2635311683463979,706,2679,0.10023407978776763,female
Group 2,0.2392886014551334,592,2474,0.12772837510105092,male
Total,0.25189210168833687,1298,5153,0.009217197280288858,male
