,accuracy,correct,count,Accuracy Parity,Accuracy Parity Class
male_1,0.24925373134328357,334.0,1340.0,,
male_2,0.12611156022635409,156.0,1237.0,,
female_1,0.13816280806572068,185.0,1339.0,,
female_2,0.25788197251414713,319.0,1237.0,,
male,0.19014357780364766,490.0,2577.0,,
female,0.1956521739130435,504.0,2576.0,,
Group 1,0.1937290033594625,519,2679,0.1110909232775629,male
Group 2,0.1919967663702506,475,2474,0.13177041228779304,female
Total,0.19289734135455075,994,5153,0.00550859610939583,female
