,accuracy,correct,count,Accuracy Parity,Accuracy Parity Class
male_1,0.1828358208955224,245.0,1340.0,,
male_2,0.16814874696847212,208.0,1237.0,,
female_1,0.17326362957430919,232.0,1339.0,,
female_2,0.19967663702506064,247.0,1237.0,,
male,0.17578579743888242,453.0,2577.0,,
female,0.1859472049689441,479.0,2576.0,,
Group 1,0.1780515117581187,477,2679,0.009572191321213203,male
Group 2,0.18391269199676638,455,2474,0.031527890056588515,female
Total,0.18086551523384437,932,5153,0.010161407530061672,female
