,accuracy,correct,count,Accuracy Parity,Accuracy Parity Class
male_1,0.29817232375979114,571.0,1915.0,,
male_2,0.27483640690065436,462.0,1681.0,,
female_1,0.3220338983050847,513.0,1593.0,,
female_2,0.31533333333333335,473.0,1500.0,,
male,0.28726362625139046,1033.0,3596.0,,
female,0.31878435176204334,986.0,3093.0,,
Group 1,0.3090079817559863,1084,3508,0.023861574545293585,female
Group 2,0.29393272555800065,935,3181,0.04049692643267899,female
Total,0.3018388398863806,2019,6689,0.03152072551065288,female
