,accuracy,correct,count,Accuracy Parity,Accuracy Parity Class
male_1,0.3185378590078329,610.0,1915.0,,
male_2,0.24449732302201072,411.0,1681.0,,
female_1,0.2950408035153798,470.0,1593.0,,
female_2,0.304,456.0,1500.0,,
male,0.2839265850945495,1021.0,3596.0,,
female,0.29938570966698996,926.0,3093.0,,
Group 1,0.30786773090079816,1080,3508,0.023497055492453067,male
Group 2,0.27255580006287333,867,3181,0.05950267697798928,female
Total,0.291074899088055,1947,6689,0.015459124572440475,female
