,accuracy,correct,count,Accuracy Parity,Accuracy Parity Class
male_1,0.2582089552238806,346.0,1340.0,,
male_2,0.11560226354082458,143.0,1237.0,,
female_1,0.1239731142643764,166.0,1339.0,,
female_2,0.24494745351657235,303.0,1237.0,,
male,0.18975552968568102,489.0,2577.0,,
female,0.18206521739130435,469.0,2576.0,,
Group 1,0.19111608809257186,512,2679,0.1342358409595042,male
Group 2,0.18027485852869846,446,2474,0.1293451899757478,female
Total,0.18591111973607607,958,5153,0.007690312294376667,male
