,accuracy,correct,count,Accuracy Parity,Accuracy Parity Class
male_1,0.32323759791122714,619.0,1915.0,,
male_2,0.26650803093396785,448.0,1681.0,,
female_1,0.32893910860012554,524.0,1593.0,,
female_2,0.31066666666666665,466.0,1500.0,,
male,0.2967185761957731,1067.0,3596.0,,
female,0.3200775945683802,990.0,3093.0,,
Group 1,0.3258266818700114,1143,3508,0.0057015106888984035,female
Group 2,0.2873310279786231,914,3181,0.04415863573269879,female
Total,0.3075198086410525,2057,6689,0.02335901837260712,female
