,accuracy,correct,count,Accuracy Parity,Accuracy Parity Class
male_1,0.2464751958224543,472.0,1915.0,,
male_2,0.18143961927424151,305.0,1681.0,,
female_1,0.24231010671688638,386.0,1593.0,,
female_2,0.25733333333333336,386.0,1500.0,,
male,0.2160734149054505,777.0,3596.0,,
female,0.24959586162301972,772.0,3093.0,,
Group 1,0.24458380843785632,858,3508,0.004165089105567926,male
Group 2,0.2172272870166614,691,3181,0.07589371405909184,female
Total,0.23157422634175512,1549,6689,0.03352244671756921,female
