,accuracy,correct,count,Accuracy Parity,Accuracy Parity Class
male_1,0.3402061855670103,99.0,291.0,,
male_2,0.3044982698961938,88.0,289.0,,
female_1,0.24054982817869416,70.0,291.0,,
female_2,0.4013840830449827,116.0,289.0,,
male,0.32241379310344825,187.0,580.0,,
female,0.32068965517241377,186.0,580.0,,
Group 1,0.29037800687285226,169,582,0.09965635738831616,male
Group 2,0.35294117647058826,204,578,0.09688581314878891,female
Total,0.32155172413793104,373,1160,0.0017241379310344862,male
