,accuracy,correct,count,Accuracy Parity,Accuracy Parity Class
male_1,0.2708955223880597,363.0,1340.0,,
male_2,0.16895715440582054,209.0,1237.0,,
female_1,0.1882001493651979,252.0,1339.0,,
female_2,0.28698464025869036,355.0,1237.0,,
male,0.22196352347691115,572.0,2577.0,,
female,0.23563664596273293,607.0,2576.0,,
Group 1,0.22956326987681971,615,2679,0.08269537302286178,male
Group 2,0.22797089733225545,564,2474,0.11802748585286982,female
Total,0.2287987580050456,1179,5153,0.013673122485821781,female
