,accuracy,correct,count,Accuracy Parity,Accuracy Parity Class
male_1,0.29973890339425585,574.0,1915.0,,
male_2,0.24866151100535397,418.0,1681.0,,
female_1,0.2937853107344633,468.0,1593.0,,
female_2,0.2846666666666667,427.0,1500.0,,
male,0.27586206896551724,992.0,3596.0,,
female,0.2893630779178791,895.0,3093.0,,
Group 1,0.2970353477765108,1042,3508,0.0059535926597925615,male
Group 2,0.26563973593209683,845,3181,0.03600515566131271,female
Total,0.28210494842278366,1887,6689,0.013501008952361837,female
