,accuracy,correct,count,Accuracy Parity,Accuracy Parity Class
male_1,0.34099216710182767,653.0,1915.0,,
male_2,0.3075550267697799,517.0,1681.0,,
female_1,0.3728813559322034,594.0,1593.0,,
female_2,0.3413333333333333,512.0,1500.0,,
male,0.3253615127919911,1170.0,3596.0,,
female,0.35758163595215003,1106.0,3093.0,,
Group 1,0.3554732041049031,1247,3508,0.031889188830375725,female
Group 2,0.32348318138950016,1029,3181,0.033778306563553406,female
Total,0.3402601285692929,2276,6689,0.03222012316015893,female
