,accuracy,correct,count,Accuracy Parity,Accuracy Parity Class
male_1,0.3161512027491409,92.0,291.0,,
male_2,0.43944636678200694,127.0,289.0,,
female_1,0.46048109965635736,134.0,291.0,,
female_2,0.2179930795847751,63.0,289.0,,
male,0.3775862068965517,219.0,580.0,,
female,0.3396551724137931,197.0,580.0,,
Group 1,0.38831615120274915,226,582,0.14432989690721648,female
Group 2,0.328719723183391,190,578,0.22145328719723184,male
Total,0.3586206896551724,416,1160,0.037931034482758585,male
