,accuracy,correct,count,Accuracy Parity,Accuracy Parity Class
male_1,0.44329896907216493,129.0,291.0,,
male_2,0.3356401384083045,97.0,289.0,,
female_1,0.29553264604810997,86.0,291.0,,
female_2,0.5051903114186851,146.0,289.0,,
male,0.3896551724137931,226.0,580.0,,
female,0.4,232.0,580.0,,
Group 1,0.3694158075601375,215,582,0.14776632302405496,male
Group 2,0.4204152249134948,243,578,0.1695501730103806,female
Total,0.39482758620689656,458,1160,0.010344827586206917,female
