,accuracy,correct,count,Accuracy Parity,Accuracy Parity Class
male_1,0.13745704467353953,40.0,291.0,,
male_2,0.2422145328719723,70.0,289.0,,
female_1,0.12371134020618557,36.0,291.0,,
female_2,0.3217993079584775,93.0,289.0,,
male,0.1896551724137931,110.0,580.0,,
female,0.22241379310344828,129.0,580.0,,
Group 1,0.13058419243986255,76,582,0.013745704467353959,male
Group 2,0.2820069204152249,163,578,0.07958477508650519,female
Total,0.20603448275862069,239,1160,0.03275862068965518,female
