,accuracy,correct,count,Accuracy Parity,Accuracy Parity Class
male_1,0.47230320699708456,162.0,343.0,,
male_2,0.47337278106508873,160.0,338.0,,
female_1,0.46258503401360546,136.0,294.0,,
female_2,0.478125,153.0,320.0,,
male,0.47283406754772395,322.0,681.0,,
female,0.47068403908794787,289.0,614.0,,
Group 1,0.46781789638932497,298,637,0.0097181729834791,male
Group 2,0.4756838905775076,313,658,0.00475221893491129,female
Total,0.4718146718146718,611,1295,0.0021500284597760766,male
