,accuracy,correct,count,Accuracy Parity,Accuracy Parity Class
male_1,0.27519582245430807,527.0,1915.0,,
male_2,0.19690660321237358,331.0,1681.0,,
female_1,0.28688010043942247,457.0,1593.0,,
female_2,0.268,402.0,1500.0,,
male,0.2385984427141268,858.0,3596.0,,
female,0.27772389266084707,859.0,3093.0,,
Group 1,0.2805017103762828,984,3508,0.0116842779851144,female
Group 2,0.23043068217541654,733,3181,0.07109339678762644,female
Total,0.2566900882045149,1717,6689,0.039125449946720264,female
