,accuracy,correct,count,Accuracy Parity,Accuracy Parity Class
male_1,0.32323759791122714,619.0,1915.0,,
male_2,0.2528256989886972,425.0,1681.0,,
female_1,0.32328939108600124,515.0,1593.0,,
female_2,0.30933333333333335,464.0,1500.0,,
male,0.2903225806451613,1044.0,3596.0,,
female,0.31652117685095377,979.0,3093.0,,
Group 1,0.3232611174458381,1134,3508,5.1793174774106276e-05,female
Group 2,0.2794718641936498,889,3181,0.056507634344636126,female
Total,0.30243683659739873,2023,6689,0.026198596205792457,female
