,accuracy,correct,count,Accuracy Parity,Accuracy Parity Class
male_1,0.14029850746268657,188.0,1340.0,,
male_2,0.26596604688763137,329.0,1237.0,,
female_1,0.2554144884241972,342.0,1339.0,,
female_2,0.12853678253839934,159.0,1237.0,,
male,0.20062087698874662,517.0,2577.0,,
female,0.19448757763975155,501.0,2576.0,,
Group 1,0.19783501306457635,530,2679,0.1151159809615106,female
Group 2,0.19725141471301536,488,2474,0.13742926434923203,male
Total,0.19755482243353387,1018,5153,0.006133299348995064,male
