,accuracy,correct,count,Accuracy Parity,Accuracy Parity Class
male_1,0.3268929503916449,626.0,1915.0,,
male_2,0.273051754907793,459.0,1681.0,,
female_1,0.32454488386691777,517.0,1593.0,,
female_2,0.3293333333333333,494.0,1500.0,,
male,0.3017241379310345,1085.0,3596.0,,
female,0.3268671193016489,1011.0,3093.0,,
Group 1,0.3258266818700114,1143,3508,0.0023480665247271326,male
Group 2,0.2995913234831814,953,3181,0.056281578425540324,female
Total,0.31335027657347886,2096,6689,0.025142981370614437,female
