,accuracy,correct,count,Accuracy Parity,Accuracy Parity Class
male_1,0.07560137457044673,22.0,291.0,,
male_2,0.21107266435986158,61.0,289.0,,
female_1,0.048109965635738834,14.0,291.0,,
female_2,0.2768166089965398,80.0,289.0,,
male,0.14310344827586208,83.0,580.0,,
female,0.16206896551724137,94.0,580.0,,
Group 1,0.061855670103092786,36,582,0.027491408934707896,male
Group 2,0.24394463667820068,141,578,0.06574394463667824,female
Total,0.15258620689655172,177,1160,0.018965517241379293,female
