,accuracy,correct,count,Accuracy Parity,Accuracy Parity Class
male_1,0.3965014577259475,136.0,343.0,,
male_2,0.40532544378698226,137.0,338.0,,
female_1,0.37755102040816324,111.0,294.0,,
female_2,0.421875,135.0,320.0,,
male,0.4008810572687225,273.0,681.0,,
female,0.4006514657980456,246.0,614.0,,
Group 1,0.3877551020408163,247,637,0.018950437317784286,male
Group 2,0.4133738601823708,272,658,0.016549556213017735,female
Total,0.40077220077220077,519,1295,0.0002295914706768598,male
