,accuracy,correct,count,Accuracy Parity,Accuracy Parity Class
male_1,0.4110787172011662,141.0,343.0,,
male_2,0.41124260355029585,139.0,338.0,,
female_1,0.3877551020408163,114.0,294.0,,
female_2,0.4,128.0,320.0,,
male,0.4111600587371512,280.0,681.0,,
female,0.3941368078175896,242.0,614.0,,
Group 1,0.4003139717425432,255,637,0.023323615160349864,male
Group 2,0.40577507598784196,267,658,0.011242603550295827,male
Total,0.40308880308880307,522,1295,0.01702325091956164,male
