,accuracy,correct,count,Accuracy Parity,Accuracy Parity Class,Per Class Accuracy Parity,Male Parity Top 3 Classes,Female Parity Top 3 Classes
male_1,0.29765013054830286,570.0,1915.0,,,,,
male_2,0.23914336704342654,402.0,1681.0,,,,,
female_1,0.3075957313245449,490.0,1593.0,,,,,
female_2,0.2946666666666667,442.0,1500.0,,,,,
male,0.27030033370411566,972.0,3596.0,,,,,
female,0.30132557387649533,932.0,3093.0,,,,,
Group 1,0.30216647662485746,1060,3508,0.009945600776242014,female,0.13258261106189992,,
Group 2,0.2653253693806979,844,3181,0.05552329962324015,female,0.13609478390732538,,
Total,0.2846464344446106,1904,6689,0.031025240172379676,female,0.13433869748461272,"autographing (0.55), baking (0.4820512820512821), buttoning (0.3949275362318841)","buckling (-0.5777777777777778), strapping (-0.5), shelving (-0.456140350877193)"
