,accuracy,correct,count
male_1,0.3206266318537859,614.0,1915.0
male_2,0.2599643069601428,437.0,1681.0
female_1,0.3308223477715003,527.0,1593.0
female_2,0.31,465.0,1500.0
