,accuracy,correct,count,Accuracy Parity,Accuracy Parity Class
male_1,0.30584192439862545,89.0,291.0,,
male_2,0.49480968858131485,143.0,289.0,,
female_1,0.49140893470790376,143.0,291.0,,
female_2,0.22837370242214533,66.0,289.0,,
male,0.4,232.0,580.0,,
female,0.3603448275862069,209.0,580.0,,
Group 1,0.39862542955326463,232,582,0.1855670103092783,female
Group 2,0.3615916955017301,209,578,0.2664359861591695,male
Total,0.38017241379310346,441,1160,0.03965517241379313,male
