,accuracy,correct,count,Accuracy Parity,Accuracy Parity Class
male_1,0.29896907216494845,87.0,291.0,,
male_2,0.4532871972318339,131.0,289.0,,
female_1,0.41580756013745707,121.0,291.0,,
female_2,0.2560553633217993,74.0,289.0,,
male,0.3758620689655172,218.0,580.0,,
female,0.33620689655172414,195.0,580.0,,
Group 1,0.35738831615120276,208,582,0.11683848797250862,female
Group 2,0.3546712802768166,205,578,0.19723183391003463,male
Total,0.3560344827586207,413,1160,0.03965517241379307,male
