,accuracy,correct,count,Accuracy Parity,Accuracy Parity Class
male_1,0.40893470790378006,119.0,291.0,,
male_2,0.22145328719723184,64.0,289.0,,
female_1,0.24398625429553264,71.0,291.0,,
female_2,0.3806228373702422,110.0,289.0,,
male,0.31551724137931036,183.0,580.0,,
female,0.3120689655172414,181.0,580.0,,
Group 1,0.32646048109965636,190,582,0.16494845360824742,male
Group 2,0.30103806228373703,174,578,0.15916955017301038,female
Total,0.3137931034482759,364,1160,0.0034482758620689724,male
