,accuracy,correct,count,Accuracy Parity,Accuracy Parity Class
male_1,0.31716417910447764,425.0,1340.0,,
male_2,0.30234438156831045,374.0,1237.0,,
female_1,0.3368185212845407,451.0,1339.0,,
female_2,0.3080032336297494,381.0,1237.0,,
male,0.3100504462553357,799.0,2577.0,,
female,0.32298136645962733,832.0,2576.0,,
Group 1,0.3269876819708847,876,2679,0.019654342180063067,female
Group 2,0.3051738075990299,755,2474,0.005658852061438957,female
Total,0.31651465165922765,1631,5153,0.012930920204291652,female
