,accuracy,correct,count,Accuracy Parity,Accuracy Parity Class
male_1,0.31958762886597936,93.0,291.0,,
male_2,0.36678200692041524,106.0,289.0,,
female_1,0.3161512027491409,92.0,291.0,,
female_2,0.35294117647058826,102.0,289.0,,
male,0.3431034482758621,199.0,580.0,,
female,0.33448275862068966,194.0,580.0,,
Group 1,0.3178694158075601,185,582,0.0034364261168384758,male
Group 2,0.35986159169550175,208,578,0.01384083044982698,male
Total,0.33879310344827585,393,1160,0.008620689655172431,male
