,accuracy,correct,count,Accuracy Parity,Accuracy Parity Class
male_1,0.39067055393586003,134.0,343.0,,
male_2,0.4437869822485207,150.0,338.0,,
female_1,0.3843537414965986,113.0,294.0,,
female_2,0.44375,142.0,320.0,,
male,0.4170337738619677,284.0,681.0,,
female,0.4153094462540717,255.0,614.0,,
Group 1,0.3877551020408163,247,637,0.00631681243926141,male
Group 2,0.44376899696048633,292,658,3.698224852072274e-05,male
Total,0.41621621621621624,539,1295,0.0017243276078960368,male
