,accuracy,correct,count,Accuracy Parity,Accuracy Parity Class
male_1,0.3539518900343643,103.0,291.0,,
male_2,0.38408304498269896,111.0,289.0,,
female_1,0.3470790378006873,101.0,291.0,,
female_2,0.3217993079584775,93.0,289.0,,
male,0.3689655172413793,214.0,580.0,,
female,0.33448275862068966,194.0,580.0,,
Group 1,0.35051546391752575,204,582,0.006872852233677007,male
Group 2,0.35294117647058826,204,578,0.062283737024221464,male
Total,0.35172413793103446,408,1160,0.03448275862068967,male
