,accuracy,correct,count
male_1,0.6814449917898193,415.0,609.0
male_2,0.7692307692307693,250.0,325.0
female_1,0.7651888341543513,466.0,609.0
female_2,0.7169230769230769,233.0,325.0
