,accuracy,correct,count,Accuracy Parity,Accuracy Parity Class
male_1,0.32950391644908616,631.0,1915.0,,
male_2,0.27840571088637717,468.0,1681.0,,
female_1,0.31512868801004396,502.0,1593.0,,
female_2,0.32666666666666666,490.0,1500.0,,
male,0.30561735261401557,1099.0,3596.0,,
female,0.32072421597154865,992.0,3093.0,,
Group 1,0.32297605473204105,1133,3508,0.01437522843904221,male
Group 2,0.30116315624017603,958,3181,0.048260955780289494,female
Total,0.31260278068470626,2091,6689,0.015106863357533085,female
