,accuracy,correct,count,Accuracy Parity,Accuracy Parity Class
male_1,0.436426116838488,127.0,291.0,,
male_2,0.43944636678200694,127.0,289.0,,
female_1,0.436426116838488,127.0,291.0,,
female_2,0.41522491349480967,120.0,289.0,,
male,0.4379310344827586,254.0,580.0,,
female,0.42586206896551726,247.0,580.0,,
Group 1,0.436426116838488,254,582,0.0,female
Group 2,0.4273356401384083,247,578,0.02422145328719727,male
Total,0.43189655172413793,501,1160,0.012068965517241348,male
