,accuracy,correct,count,Accuracy Parity,Accuracy Parity Class
male_1,0.38831615120274915,113.0,291.0,,
male_2,0.3944636678200692,114.0,289.0,,
female_1,0.38831615120274915,113.0,291.0,,
female_2,0.4013840830449827,116.0,289.0,,
male,0.3913793103448276,227.0,580.0,,
female,0.39482758620689656,229.0,580.0,,
Group 1,0.38831615120274915,226,582,0.0,female
Group 2,0.39792387543252594,230,578,0.00692041522491349,female
Total,0.3931034482758621,456,1160,0.0034482758620689724,female
