,accuracy,correct,count,Accuracy Parity,Accuracy Parity Class
male_1,0.42955326460481097,125.0,291.0,,
male_2,0.2664359861591695,77.0,289.0,,
female_1,0.27147766323024053,79.0,291.0,,
female_2,0.4359861591695502,126.0,289.0,,
male,0.3482758620689655,202.0,580.0,,
female,0.35344827586206895,205.0,580.0,,
Group 1,0.35051546391752575,204,582,0.15807560137457044,male
Group 2,0.35121107266435986,203,578,0.16955017301038067,female
Total,0.35086206896551725,407,1160,0.005172413793103459,female
