,accuracy,correct,count
male_1,0.4329896907216495,126.0,291.0
male_2,0.3217993079584775,93.0,289.0
female_1,0.26804123711340205,78.0,291.0
female_2,0.47058823529411764,136.0,289.0
