,accuracy,correct,count,Accuracy Parity,Accuracy Parity Class
male_1,0.0728862973760933,25.0,343.0,,
male_2,0.13609467455621302,46.0,338.0,,
female_1,0.06462585034013606,19.0,294.0,,
female_2,0.140625,45.0,320.0,,
male,0.10425844346549193,71.0,681.0,,
female,0.10423452768729642,64.0,614.0,,
Group 1,0.06907378335949764,44,637,0.008260447035957241,male
Group 2,0.13829787234042554,91,658,0.004530325443786981,female
Total,0.10424710424710425,135,1295,2.3915778195507387e-05,male
