,accuracy,correct,count,Accuracy Parity,Accuracy Parity Class
male_1,0.32989690721649484,96.0,291.0,,
male_2,0.5294117647058824,153.0,289.0,,
female_1,0.4639175257731959,135.0,291.0,,
female_2,0.25951557093425603,75.0,289.0,,
male,0.42931034482758623,249.0,580.0,,
female,0.3620689655172414,210.0,580.0,,
Group 1,0.39690721649484534,231,582,0.13402061855670105,female
Group 2,0.3944636678200692,228,578,0.2698961937716263,male
Total,0.3956896551724138,459,1160,0.06724137931034485,male
