,accuracy,correct,count,Accuracy Parity,Accuracy Parity Class
male_1,0.3333333333333333,97.0,291.0,,
male_2,0.3633217993079585,105.0,289.0,,
female_1,0.29553264604810997,86.0,291.0,,
female_2,0.3494809688581315,101.0,289.0,,
male,0.3482758620689655,202.0,580.0,,
female,0.32241379310344825,187.0,580.0,,
Group 1,0.31443298969072164,183,582,0.037800687285223344,male
Group 2,0.356401384083045,206,578,0.01384083044982698,male
Total,0.3353448275862069,389,1160,0.025862068965517238,male
