,accuracy,correct,count,Accuracy Parity,Accuracy Parity Class
male_1,0.20671641791044776,277.0,1340.0,,
male_2,0.15602263540824576,193.0,1237.0,,
female_1,0.23002240477968633,308.0,1339.0,,
female_2,0.15683104284559418,194.0,1237.0,,
male,0.18238261544431508,470.0,2577.0,,
female,0.19487577639751552,502.0,2576.0,,
Group 1,0.21836506159014557,585,2679,0.02330598686923857,female
Group 2,0.15642683912691996,387,2474,0.0008084074373484185,female
Total,0.18862798369881623,972,5153,0.012493160953200438,female
