,accuracy,correct,count,Accuracy Parity,Accuracy Parity Class
male_1,0.27835051546391754,81.0,291.0,,
male_2,0.43252595155709345,125.0,289.0,,
female_1,0.4570446735395189,133.0,291.0,,
female_2,0.22837370242214533,66.0,289.0,,
male,0.35517241379310344,206.0,580.0,,
female,0.3431034482758621,199.0,580.0,,
Group 1,0.36769759450171824,214,582,0.17869415807560135,female
Group 2,0.3304498269896194,191,578,0.20415224913494812,male
Total,0.34913793103448276,405,1160,0.012068965517241348,male
