,accuracy,correct,count,Accuracy Parity,Accuracy Parity Class,Per Class Accuracy Parity,Male Parity Top 3 Classes,Female Parity Top 3 Classes
male_1,0.31509695290858725,455.0,1444.0,,,,,
male_2,0.2592307692307692,337.0,1300.0,,,,,
female_1,0.32305194805194803,398.0,1232.0,,,,,
female_2,0.3054607508532423,358.0,1172.0,,,,,
male,0.2886297376093295,792.0,2744.0,,,,,
female,0.3144758735440932,756.0,2404.0,,,,,
Group 1,0.3187593423019432,853,2676,0.007954995143360788,female,0.16755573309758598,,
Group 2,0.28114886731391586,695,2472,0.046229981622473104,female,0.15518288774573263,,
Total,0.3006993006993007,1548,5148,0.025846135934763703,female,0.16136931042165933,"baking (0.511904761904762), painting (0.46153846153846156), driving (0.44999999999999996)","buckling (-0.5555555555555556), sleeping (-0.4732142857142857), shrugging (-0.46153846153846156)"
