,accuracy,correct,count,Accuracy Parity,Accuracy Parity Class
male_1,0.5154639175257731,150.0,291.0,,
male_2,0.2664359861591695,77.0,289.0,,
female_1,0.30584192439862545,89.0,291.0,,
female_2,0.4740484429065744,137.0,289.0,,
male,0.3913793103448276,227.0,580.0,,
female,0.3896551724137931,226.0,580.0,,
Group 1,0.4106529209621993,239,582,0.2096219931271477,male
Group 2,0.370242214532872,214,578,0.20761245674740486,female
Total,0.3905172413793103,453,1160,0.0017241379310344862,male
