,accuracy,correct,count,Accuracy Parity,Accuracy Parity Class
male_1,0.33054830287206266,633.0,1915.0,,
male_2,0.26055919095776325,438.0,1681.0,,
female_1,0.3270558694287508,521.0,1593.0,,
female_2,0.31866666666666665,478.0,1500.0,,
male,0.2978309232480534,1071.0,3596.0,,
female,0.3229873908826382,999.0,3093.0,,
Group 1,0.3289623717217788,1154,3508,0.0034924334433118487,male
Group 2,0.28795976108142096,916,3181,0.0581074757089034,female
Total,0.3094632979518613,2070,6689,0.025156467634584845,female
