,accuracy,correct,count,Accuracy Parity,Accuracy Parity Class
male_1,0.3195822454308094,612.0,1915.0,,
male_2,0.27900059488399764,469.0,1681.0,,
female_1,0.33270558694287505,530.0,1593.0,,
female_2,0.30866666666666664,463.0,1500.0,,
male,0.30061179087875417,1081.0,3596.0,,
female,0.32104752667313285,993.0,3093.0,,
Group 1,0.3255416191562144,1142,3508,0.013123341512065678,female
Group 2,0.29298962590380384,932,3181,0.029666071782669,female
Total,0.31006129466287935,2074,6689,0.020435735794378684,female
