,accuracy,correct,count,Accuracy Parity,Accuracy Parity Class
male_1,0.3138381201044386,601.0,1915.0,,
male_2,0.2498512790005949,420.0,1681.0,,
female_1,0.322661644695543,514.0,1593.0,,
female_2,0.304,456.0,1500.0,,
male,0.2839265850945495,1021.0,3596.0,,
female,0.31361138053669574,970.0,3093.0,,
Group 1,0.3178449258836944,1115,3508,0.00882352459110436,female
Group 2,0.2753850990254637,876,3181,0.0541487209994051,female
Total,0.297652862909254,1991,6689,0.02968479544214625,female
