,accuracy,correct,count,Accuracy Parity,Accuracy Parity Class
male_1,0.42955326460481097,125.0,291.0,,
male_2,0.2560553633217993,74.0,289.0,,
female_1,0.23367697594501718,68.0,291.0,,
female_2,0.42214532871972316,122.0,289.0,,
male,0.3431034482758621,199.0,580.0,,
female,0.3275862068965517,190.0,580.0,,
Group 1,0.3316151202749141,193,582,0.19587628865979378,male
Group 2,0.3391003460207612,196,578,0.16608996539792387,female
Total,0.3353448275862069,389,1160,0.015517241379310376,male
