,accuracy,correct,count,Accuracy Parity,Accuracy Parity Class
male_1,0.3470790378006873,101.0,291.0,,
male_2,0.5017301038062284,145.0,289.0,,
female_1,0.45017182130584193,131.0,291.0,,
female_2,0.31141868512110726,90.0,289.0,,
male,0.4241379310344828,246.0,580.0,,
female,0.3810344827586207,221.0,580.0,,
Group 1,0.39862542955326463,232,582,0.10309278350515466,female
Group 2,0.40657439446366783,235,578,0.19031141868512114,male
Total,0.4025862068965517,467,1160,0.0431034482758621,male
