,accuracy,correct,count,Accuracy Parity,Accuracy Parity Class
male_1,0.16567164179104477,222.0,1340.0,,
male_2,0.2255456750202102,279.0,1237.0,,
female_1,0.239731142643764,321.0,1339.0,,
female_2,0.11560226354082458,143.0,1237.0,,
male,0.19441210710128057,501.0,2577.0,,
female,0.18012422360248448,464.0,2576.0,,
Group 1,0.2026875699888018,543,2679,0.07405950085271923,female
Group 2,0.17057396928051738,422,2474,0.10994341147938562,male
Total,0.18726955171744614,965,5153,0.014287883498796089,male
