,accuracy,correct,count,Accuracy Parity,Accuracy Parity Class
male_1,0.49140893470790376,143.0,291.0,,
male_2,0.2975778546712803,86.0,289.0,,
female_1,0.28865979381443296,84.0,291.0,,
female_2,0.532871972318339,154.0,289.0,,
male,0.39482758620689656,229.0,580.0,,
female,0.4103448275862069,238.0,580.0,,
Group 1,0.3900343642611684,227,582,0.2027491408934708,male
Group 2,0.41522491349480967,240,578,0.23529411764705876,female
Total,0.4025862068965517,467,1160,0.01551724137931032,female
