,accuracy,correct,count,Accuracy Parity,Accuracy Parity Class
male_1,0.2798507462686567,375.0,1340.0,,
male_2,0.2700080840743735,334.0,1237.0,,
female_1,0.2935026138909634,393.0,1339.0,,
female_2,0.2627324171382377,325.0,1237.0,,
male,0.27512611563833916,709.0,2577.0,,
female,0.27872670807453415,718.0,2576.0,,
Group 1,0.2866741321388578,768,2679,0.01365186762230669,female
Group 2,0.2663702506063056,659,2474,0.007275666936135794,male
Total,0.27692606248787116,1427,5153,0.0036005924361949826,female
