,accuracy,correct,count,Accuracy Parity,Accuracy Parity Class
male_1,0.16494845360824742,48.0,291.0,,
male_2,0.23875432525951557,69.0,289.0,,
female_1,0.16494845360824742,48.0,291.0,,
female_2,0.22837370242214533,66.0,289.0,,
male,0.20172413793103447,117.0,580.0,,
female,0.19655172413793104,114.0,580.0,,
Group 1,0.16494845360824742,96,582,0.0,female
Group 2,0.23356401384083045,135,578,0.010380622837370235,male
Total,0.19913793103448277,231,1160,0.005172413793103431,male
