,accuracy,correct,count,Accuracy Parity,Accuracy Parity Class
male_1,0.10652920962199312,31.0,291.0,,
male_2,0.1384083044982699,40.0,289.0,,
female_1,0.09278350515463918,27.0,291.0,,
female_2,0.13494809688581316,39.0,289.0,,
male,0.12241379310344827,71.0,580.0,,
female,0.11379310344827587,66.0,580.0,,
Group 1,0.09965635738831616,58,582,0.013745704467353945,male
Group 2,0.13667820069204153,79,578,0.003460207612456745,male
Total,0.11810344827586207,137,1160,0.008620689655172403,male
