,accuracy,correct,count,Accuracy Parity,Accuracy Parity Class
male_1,0.26119402985074625,350.0,1340.0,,
male_2,0.1196443007275667,148.0,1237.0,,
female_1,0.13368185212845407,179.0,1339.0,,
female_2,0.26919967663702504,333.0,1237.0,,
male,0.19324796274738068,498.0,2577.0,,
female,0.19875776397515527,512.0,2576.0,,
Group 1,0.19746173945502052,529,2679,0.12751217772229217,male
Group 2,0.19442198868229588,481,2474,0.14955537590945833,female
Total,0.1960023287405395,1010,5153,0.005509801227774586,female
