,accuracy,correct,count,Accuracy Parity,Accuracy Parity Class,Per Class Accuracy Parity,Male Parity Top 3 Classes,Female Parity Top 3 Classes
male_1,0.3455223880597015,463.0,1340.0,,,,,
male_2,0.3144704931285368,389.0,1237.0,,,,,
female_1,0.35399551904406273,474.0,1339.0,,,,,
female_2,0.30719482619240096,380.0,1237.0,,,,,
male,0.33061699650756693,852.0,2577.0,,,,,
female,0.33152173913043476,854.0,2576.0,,,,,
Group 1,0.3497573721537887,937,2679,0.008473130984361255,female,0.11206772772291343,,
Group 2,0.31083265966046886,769,2474,0.0072756669361358495,male,0.1386765339493667,,
Total,0.33106928003104985,1706,5153,0.0009047426228678268,female,0.1253721308361401,"standing (0.6153846153846154), releasing (0.49999999999999994), rocking (0.49999999999999994)","climbing (-0.45454545454545453), sneezing (-0.4545454545454545), perspiring (-0.368421052631579)"
