,accuracy,correct,count,Accuracy Parity,Accuracy Parity Class
male_1,0.4227405247813411,145.0,343.0,,
male_2,0.45857988165680474,155.0,338.0,,
female_1,0.391156462585034,115.0,294.0,,
female_2,0.446875,143.0,320.0,,
male,0.44052863436123346,300.0,681.0,,
female,0.4201954397394137,258.0,614.0,,
Group 1,0.40816326530612246,260,637,0.031584062196307106,male
Group 2,0.45288753799392095,298,658,0.011704881656804722,male
Total,0.4308880308880309,558,1295,0.02033319462181976,male
