,accuracy,correct,count,Accuracy Parity,Accuracy Parity Class
male_1,0.2542955326460481,74.0,291.0,,
male_2,0.4532871972318339,131.0,289.0,,
female_1,0.4329896907216495,126.0,291.0,,
female_2,0.20069204152249134,58.0,289.0,,
male,0.35344827586206895,205.0,580.0,,
female,0.31724137931034485,184.0,580.0,,
Group 1,0.3436426116838488,200,582,0.1786941580756014,female
Group 2,0.32698961937716264,189,578,0.25259515570934254,male
Total,0.3353448275862069,389,1160,0.0362068965517241,male
