,accuracy,correct,count,Accuracy Parity,Accuracy Parity Class
male_1,0.2656716417910448,356.0,1340.0,,
male_2,0.14147130153597412,175.0,1237.0,,
female_1,0.14339058999253174,192.0,1339.0,,
female_2,0.28294260307194824,350.0,1237.0,,
male,0.2060535506402794,531.0,2577.0,,
female,0.21040372670807453,542.0,2576.0,,
Group 1,0.2045539380365808,548,2679,0.12228105179851306,male
Group 2,0.2122069523039612,525,2474,0.14147130153597412,female
Total,0.20822821657287016,1073,5153,0.004350176067795142,female
