,accuracy,correct,count,Accuracy Parity,Accuracy Parity Class
male_1,0.30895522388059704,414.0,1340.0,,
male_2,0.18108326596604687,224.0,1237.0,,
female_1,0.19118745332337567,256.0,1339.0,,
female_2,0.3152789005658852,390.0,1237.0,,
male,0.2475746992627086,638.0,2577.0,,
female,0.25077639751552794,646.0,2576.0,,
Group 1,0.25009331840238896,670,2679,0.11776777055722137,male
Group 2,0.24818108326596605,614,2474,0.13419563459983833,female
Total,0.24917523772559674,1284,5153,0.0032016982528193516,female
