,accuracy,correct,count,Accuracy Parity,Accuracy Parity Class
male_1,0.33819241982507287,116.0,343.0,,
male_2,0.3668639053254438,124.0,338.0,,
female_1,0.36394557823129253,107.0,294.0,,
female_2,0.38125,122.0,320.0,,
male,0.3524229074889868,240.0,681.0,,
female,0.3729641693811075,229.0,614.0,,
Group 1,0.3500784929356358,223,637,0.025753158406219667,female
Group 2,0.3738601823708207,246,658,0.014386094674556205,female
Total,0.3621621621621622,469,1295,0.020541261892120688,female
