,accuracy,correct,count,Accuracy Parity,Accuracy Parity Class,Per Class Accuracy Parity,Male Parity Top 3 Classes,Female Parity Top 3 Classes
male_1,0.3116591928251121,417.0,1338.0,,,,,
male_2,0.25970873786407767,321.0,1236.0,,,,,
female_1,0.296711509715994,397.0,1338.0,,,,,
female_2,0.30097087378640774,372.0,1236.0,,,,,
male,0.2867132867132867,738.0,2574.0,,,,,
female,0.2987567987567988,769.0,2574.0,,,,,
Group 1,0.3041853512705531,814,2676,0.014947683109118093,male,0.1419518372923945,,
Group 2,0.2803398058252427,693,2472,0.04126213592233008,female,0.13667160831944103,,
Total,0.29273504273504275,1507,5148,0.012043512043512061,female,0.13931172280591775,"lathering (0.6666666666666667), exercising (0.4), begging (0.375)","mopping (-0.6428571428571428), strapping (-0.6), saluting (-0.4444444444444444)"
