,accuracy,correct,count,Accuracy Parity,Accuracy Parity Class
male_1,0.0,0.0,291.0,,
male_2,0.08996539792387544,26.0,289.0,,
female_1,0.0,0.0,291.0,,
female_2,0.08996539792387544,26.0,289.0,,
male,0.04482758620689655,26.0,580.0,,
female,0.04482758620689655,26.0,580.0,,
Group 1,0.0,0,582,0.0,female
Group 2,0.08996539792387544,52,578,0.0,female
Total,0.04482758620689655,52,1160,0.0,female
