,accuracy,correct,count,Accuracy Parity,Accuracy Parity Class
male_1,0.3965014577259475,136.0,343.0,,
male_2,0.40828402366863903,138.0,338.0,,
female_1,0.391156462585034,115.0,294.0,,
female_2,0.390625,125.0,320.0,,
male,0.4023494860499266,274.0,681.0,,
female,0.39087947882736157,240.0,614.0,,
Group 1,0.3940345368916798,251,637,0.005344995140913522,male
Group 2,0.39969604863221886,263,658,0.01765902366863903,male
Total,0.3969111969111969,514,1295,0.011470007222565026,male
