,accuracy,correct,count,Accuracy Parity,Accuracy Parity Class
male_1,0.1828358208955224,245.0,1340.0,,
male_2,0.30072756669361356,372.0,1237.0,,
female_1,0.30246452576549665,405.0,1339.0,,
female_2,0.16734033953112368,207.0,1237.0,,
male,0.2394256887854094,617.0,2577.0,,
female,0.2375776397515528,612.0,2576.0,,
Group 1,0.24262784621127287,650,2679,0.11962870486997426,female
Group 2,0.23403395311236863,579,2474,0.13338722716248988,male
Total,0.23850184358626042,1229,5153,0.0018480490338566025,male
