,accuracy,correct,count,Accuracy Parity,Accuracy Parity Class
male_1,0.33054830287206266,633.0,1915.0,,
male_2,0.2778108268887567,467.0,1681.0,,
female_1,0.3352165725047081,534.0,1593.0,,
female_2,0.3293333333333333,494.0,1500.0,,
male,0.30589543937708563,1100.0,3596.0,,
female,0.33236340122858066,1028.0,3093.0,,
Group 1,0.33266818700114026,1167,3508,0.004668269632645439,female
Group 2,0.30210625589437284,961,3181,0.05152250644457662,female
Total,0.31813425026162356,2128,6689,0.026467961851495025,female
