,accuracy,correct,count,Accuracy Parity,Accuracy Parity Class
male_1,0.208955223880597,280.0,1340.0,,
male_2,0.211802748585287,262.0,1237.0,,
female_1,0.2046303211351755,274.0,1339.0,,
female_2,0.22797089733225545,282.0,1237.0,,
male,0.2103220799379123,542.0,2577.0,,
female,0.21583850931677018,556.0,2576.0,,
Group 1,0.20679357969391565,554,2679,0.004324902745421494,male
Group 2,0.2198868229587712,544,2474,0.016168148746968453,female
Total,0.2130797593634776,1098,5153,0.005516429378857879,female
