,accuracy,correct,count,Accuracy Parity,Accuracy Parity Class
male_1,0.27147766323024053,79.0,291.0,,
male_2,0.3044982698961938,88.0,289.0,,
female_1,0.33676975945017185,98.0,291.0,,
female_2,0.28027681660899656,81.0,289.0,,
male,0.28793103448275864,167.0,580.0,,
female,0.3086206896551724,179.0,580.0,,
Group 1,0.30412371134020616,177,582,0.06529209621993132,female
Group 2,0.29238754325259514,169,578,0.024221453287197214,male
Total,0.2982758620689655,346,1160,0.02068965517241378,female
