,accuracy,correct,count,Accuracy Parity,Accuracy Parity Class
male_1,0.258955223880597,347.0,1340.0,,
male_2,0.2198868229587712,272.0,1237.0,,
female_1,0.2658700522778193,356.0,1339.0,,
female_2,0.24171382376717865,299.0,1237.0,,
male,0.24020178502134265,619.0,2577.0,,
female,0.2542701863354037,655.0,2576.0,,
Group 1,0.2624113475177305,703,2679,0.006914828397222295,female
Group 2,0.23080032336297493,571,2474,0.021827000808407437,female
Total,0.24723462060935378,1274,5153,0.014068401314061063,female
