,accuracy,correct,count,Accuracy Parity,Accuracy Parity Class
male_1,0.5120274914089347,149.0,291.0,,
male_2,0.24567474048442905,71.0,289.0,,
female_1,0.29896907216494845,87.0,291.0,,
female_2,0.4740484429065744,137.0,289.0,,
male,0.3793103448275862,220.0,580.0,,
female,0.38620689655172413,224.0,580.0,,
Group 1,0.4054982817869416,236,582,0.21305841924398622,male
Group 2,0.35986159169550175,208,578,0.22837370242214533,female
Total,0.38275862068965516,444,1160,0.006896551724137945,female
