,accuracy,correct,count
male_1,0.7471264367816092,455.0,609.0
male_2,0.76,247.0,325.0
female_1,0.7733990147783252,471.0,609.0
female_2,0.8,260.0,325.0
