,accuracy,correct,count,Accuracy Parity,Accuracy Parity Class
male_1,0.0,0.0,1915.0,,
male_2,0.011302795954788817,19.0,1681.0,,
female_1,0.0,0.0,1593.0,,
female_2,0.02666666666666667,40.0,1500.0,,
male,0.0052836484983314795,19.0,3596.0,,
female,0.012932428063368898,40.0,3093.0,,
Group 1,0.0,0,3508,0.0,female
Group 2,0.01854762653253694,59,3181,0.015363870711877852,female
Total,0.008820451487516819,59,6689,0.007648779565037418,female
