,accuracy,correct,count,Accuracy Parity,Accuracy Parity Class
male_1,0.21993127147766323,64.0,291.0,,
male_2,0.4290657439446367,124.0,289.0,,
female_1,0.4054982817869416,118.0,291.0,,
female_2,0.19377162629757785,56.0,289.0,,
male,0.32413793103448274,188.0,580.0,,
female,0.3,174.0,580.0,,
Group 1,0.3127147766323024,182,582,0.18556701030927836,female
Group 2,0.31141868512110726,180,578,0.23529411764705885,male
Total,0.3120689655172414,362,1160,0.02413793103448275,male
