,accuracy,correct,count,Accuracy Parity,Accuracy Parity Class
male_1,0.4329896907216495,126.0,291.0,,
male_2,0.25259515570934254,73.0,289.0,,
female_1,0.27147766323024053,79.0,291.0,,
female_2,0.43252595155709345,125.0,289.0,,
male,0.3431034482758621,199.0,580.0,,
female,0.35172413793103446,204.0,580.0,,
Group 1,0.35223367697594504,205,582,0.16151202749140897,male
Group 2,0.34256055363321797,198,578,0.1799307958477509,female
Total,0.3474137931034483,403,1160,0.008620689655172376,female
