,accuracy,correct,count,Accuracy Parity,Accuracy Parity Class
male_1,0.436426116838488,127.0,291.0,,
male_2,0.43944636678200694,127.0,289.0,,
female_1,0.42955326460481097,125.0,291.0,,
female_2,0.39792387543252594,115.0,289.0,,
male,0.4379310344827586,254.0,580.0,,
female,0.41379310344827586,240.0,580.0,,
Group 1,0.4329896907216495,252,582,0.006872852233677007,male
Group 2,0.4186851211072664,242,578,0.041522491349480994,male
Total,0.42586206896551726,494,1160,0.02413793103448275,male
