,accuracy,correct,count,Accuracy Parity,Accuracy Parity Class
male_1,0.45017182130584193,131.0,291.0,,
male_2,0.43944636678200694,127.0,289.0,,
female_1,0.41924398625429554,122.0,291.0,,
female_2,0.42560553633217996,123.0,289.0,,
male,0.44482758620689655,258.0,580.0,,
female,0.4224137931034483,245.0,580.0,,
Group 1,0.43470790378006874,253,582,0.030927835051546393,male
Group 2,0.43252595155709345,250,578,0.01384083044982698,male
Total,0.4336206896551724,503,1160,0.022413793103448265,male
