,accuracy,correct,count,Accuracy Parity,Accuracy Parity Class,Per Class Accuracy Parity,Male Parity Top 3 Classes,Female Parity Top 3 Classes
male_1,0.2720626631853786,521.0,1915.0,,,,,
male_2,0.22070196311719215,371.0,1681.0,,,,,
female_1,0.3044569993722536,485.0,1593.0,,,,,
female_2,0.266,399.0,1500.0,,,,,
male,0.24805339265850945,892.0,3596.0,,,,,
female,0.28580666020045264,884.0,3093.0,,,,,
Group 1,0.28677309007981755,1006,3508,0.03239433618687504,female,0.13698655116000136,,
Group 2,0.24206224457717698,770,3181,0.04529803688280787,female,0.12493916789968784,,
Total,0.2655105396920317,1776,6689,0.03775326754194319,female,0.13096285952984454,"autographing (0.45000000000000007), writing (0.4), buttoning (0.3949275362318841)","climbing (-0.4285714285714286), hanging (-0.4247104247104247), sneezing (-0.38339920948616596)"
