,accuracy,correct,count,Accuracy Parity,Accuracy Parity Class
male_1,0.3263707571801567,625.0,1915.0,,
male_2,0.2724568709101725,458.0,1681.0,,
female_1,0.3314500941619586,528.0,1593.0,,
female_2,0.32666666666666666,490.0,1500.0,,
male,0.30116796440489435,1083.0,3596.0,,
female,0.32913029421273843,1018.0,3093.0,,
Group 1,0.32867730900798175,1153,3508,0.005079336981801907,female
Group 2,0.2980194907261867,948,3181,0.05420979575649415,female
Total,0.31409777246225146,2101,6689,0.027962329807844077,female
