,accuracy,correct,count,Accuracy Parity,Accuracy Parity Class
male_1,0.30927835051546393,90.0,291.0,,
male_2,0.4359861591695502,126.0,289.0,,
female_1,0.3951890034364261,115.0,291.0,,
female_2,0.2422145328719723,70.0,289.0,,
male,0.3724137931034483,216.0,580.0,,
female,0.31896551724137934,185.0,580.0,,
Group 1,0.35223367697594504,205,582,0.08591065292096217,female
Group 2,0.3391003460207612,196,578,0.19377162629757788,male
Total,0.3456896551724138,401,1160,0.05344827586206896,male
