,accuracy,correct,count,Accuracy Parity,Accuracy Parity Class
male_1,0.0,0.0,291.0,,
male_2,0.21453287197231835,62.0,289.0,,
female_1,0.0,0.0,291.0,,
female_2,0.23529411764705882,68.0,289.0,,
male,0.10689655172413794,62.0,580.0,,
female,0.11724137931034483,68.0,580.0,,
Group 1,0.0,0,582,0.0,female
Group 2,0.22491349480968859,130,578,0.02076124567474047,female
Total,0.11206896551724138,130,1160,0.01034482758620689,female
