,accuracy,correct,count,Accuracy Parity,Accuracy Parity Class
male_1,0.3148825065274151,603.0,1915.0,,
male_2,0.2379535990481856,400.0,1681.0,,
female_1,0.2937853107344633,468.0,1593.0,,
female_2,0.2946666666666667,442.0,1500.0,,
male,0.2789210233592881,1003.0,3596.0,,
female,0.2942127384416424,910.0,3093.0,,
Group 1,0.30530216647662484,1071,3508,0.02109719579295183,male
Group 2,0.2646966362779,842,3181,0.05671306761848108,female
Total,0.28599192704440124,1913,6689,0.015291715082354329,female
