,accuracy,correct,count,Accuracy Parity,Accuracy Parity Class
male_1,0.3333333333333333,97.0,291.0,,
male_2,0.5259515570934256,152.0,289.0,,
female_1,0.4742268041237113,138.0,291.0,,
female_2,0.28027681660899656,81.0,289.0,,
male,0.42931034482758623,249.0,580.0,,
female,0.3775862068965517,219.0,580.0,,
Group 1,0.40378006872852235,235,582,0.140893470790378,female
Group 2,0.4031141868512111,233,578,0.245674740484429,male
Total,0.40344827586206894,468,1160,0.05172413793103453,male
