,accuracy,correct,count,Accuracy Parity,Accuracy Parity Class
male_1,0.39862542955326463,116.0,291.0,,
male_2,0.38408304498269896,111.0,289.0,,
female_1,0.38831615120274915,113.0,291.0,,
female_2,0.38408304498269896,111.0,289.0,,
male,0.3913793103448276,227.0,580.0,,
female,0.38620689655172413,224.0,580.0,,
Group 1,0.39347079037800686,229,582,0.010309278350515483,male
Group 2,0.38408304498269896,222,578,0.0,female
Total,0.3887931034482759,451,1160,0.005172413793103459,male
