,accuracy,correct,count,Accuracy Parity,Accuracy Parity Class,Per Class Accuracy Parity,Male Parity Top 3 Classes,Female Parity Top 3 Classes
male_1,0.30678670360110805,443.0,1444.0,,,,,
male_2,0.26076923076923075,339.0,1300.0,,,,,
female_1,0.3319805194805195,409.0,1232.0,,,,,
female_2,0.3216723549488055,377.0,1172.0,,,,,
male,0.2849854227405248,782.0,2744.0,,,,,
female,0.326955074875208,786.0,2404.0,,,,,
Group 1,0.3183856502242152,852,2676,0.02519381587941144,female,0.16515781205864324,,
Group 2,0.2896440129449838,716,2472,0.06090312417957472,female,0.16394324363287208,,
Total,0.3045843045843046,1568,5148,0.04196965213468318,female,0.1645505278457576,"baking (0.6071428571428572), autographing (0.46153846153846156), begging (0.45454545454545453)","buckling (-0.6666666666666666), drinking (-0.536842105263158), strapping (-0.5)"
