,accuracy,correct,count,Accuracy Parity,Accuracy Parity Class
male_1,0.42857142857142855,147.0,343.0,,
male_2,0.48520710059171596,164.0,338.0,,
female_1,0.4557823129251701,134.0,294.0,,
female_2,0.46875,150.0,320.0,,
male,0.4566813509544787,311.0,681.0,,
female,0.46254071661237783,284.0,614.0,,
Group 1,0.4411302982731554,281,637,0.027210884353741527,female
Group 2,0.47720364741641336,314,658,0.016457100591715956,male
Total,0.4594594594594595,595,1295,0.005859365657899129,female
