,accuracy,correct,count,Accuracy Parity,Accuracy Parity Class
male_1,0.1880597014925373,252.0,1340.0,,
male_2,0.2950687146321746,365.0,1237.0,,
female_1,0.30022404779686335,402.0,1339.0,,
female_2,0.16168148746968472,200.0,1237.0,,
male,0.2394256887854094,617.0,2577.0,,
female,0.23369565217391305,602.0,2576.0,,
Group 1,0.24412094064949608,654,2679,0.11216434630432603,female
Group 2,0.22837510105092967,565,2474,0.13338722716248988,male
Total,0.23656122647001745,1219,5153,0.0057300366114963475,male
