,accuracy,correct,count,Accuracy Parity,Accuracy Parity Class
male_1,0.3539518900343643,103.0,291.0,,
male_2,0.3806228373702422,110.0,289.0,,
female_1,0.35051546391752575,102.0,291.0,,
female_2,0.328719723183391,95.0,289.0,,
male,0.36724137931034484,213.0,580.0,,
female,0.3396551724137931,197.0,580.0,,
Group 1,0.35223367697594504,205,582,0.0034364261168385313,male
Group 2,0.3546712802768166,205,578,0.05190311418685123,male
Total,0.35344827586206895,410,1160,0.027586206896551724,male
