,accuracy,correct,count,Accuracy Parity,Accuracy Parity Class
male_1,0.4742268041237113,138.0,291.0,,
male_2,0.25259515570934254,73.0,289.0,,
female_1,0.27835051546391754,81.0,291.0,,
female_2,0.42214532871972316,122.0,289.0,,
male,0.36379310344827587,211.0,580.0,,
female,0.35,203.0,580.0,,
Group 1,0.37628865979381443,219,582,0.19587628865979378,male
Group 2,0.3373702422145329,195,578,0.1695501730103806,female
Total,0.3568965517241379,414,1160,0.01379310344827589,male
