,accuracy,correct,count,Accuracy Parity,Accuracy Parity Class
male_1,0.23711340206185566,69.0,291.0,,
male_2,0.4186851211072664,121.0,289.0,,
female_1,0.422680412371134,123.0,291.0,,
female_2,0.1695501730103806,49.0,289.0,,
male,0.3275862068965517,190.0,580.0,,
female,0.296551724137931,172.0,580.0,,
Group 1,0.32989690721649484,192,582,0.18556701030927836,female
Group 2,0.29411764705882354,170,578,0.2491349480968858,male
Total,0.3120689655172414,362,1160,0.031034482758620696,male
