,accuracy,correct,count,Accuracy Parity,Accuracy Parity Class
male_1,0.18208955223880596,244.0,1340.0,,
male_2,0.30638641875505257,379.0,1237.0,,
female_1,0.3039581777445855,407.0,1339.0,,
female_2,0.16410670978173,203.0,1237.0,,
male,0.24175397749320915,623.0,2577.0,,
female,0.23680124223602483,610.0,2576.0,,
Group 1,0.24300111982082867,651,2679,0.12186862550577954,female
Group 2,0.23524656426839127,582,2474,0.14227970897332257,male
Total,0.2392780904327576,1233,5153,0.004952735257184315,male
