,accuracy,correct,count,Accuracy Parity,Accuracy Parity Class
male_1,0.1925373134328358,258.0,1340.0,,
male_2,0.1778496362166532,220.0,1237.0,,
female_1,0.18745332337565349,251.0,1339.0,,
female_2,0.19967663702506064,247.0,1237.0,,
male,0.1854870003880481,478.0,2577.0,,
female,0.19332298136645962,498.0,2576.0,,
Group 1,0.18999626726390445,509,2679,0.005083990057182325,male
Group 2,0.18876313662085692,467,2474,0.021827000808407437,female
Total,0.1894042305453134,976,5153,0.00783598097841151,female
