,accuracy,correct,count,Accuracy Parity,Accuracy Parity Class
male_1,0.19701492537313434,264.0,1340.0,,
male_2,0.18674211802748586,231.0,1237.0,,
female_1,0.22031366691560866,295.0,1339.0,,
female_2,0.185125303152789,229.0,1237.0,,
male,0.1920838183934808,495.0,2577.0,,
female,0.20341614906832298,524.0,2576.0,,
Group 1,0.20865994774169466,559,2679,0.023298741542474327,female
Group 2,0.18593371059013744,460,2474,0.0016168148746968647,male
Total,0.19774888414515815,1019,5153,0.011332330674842184,female
