,accuracy,correct,count,Accuracy Parity,Accuracy Parity Class
male_1,0.19931271477663232,58.0,291.0,,
male_2,0.22837370242214533,66.0,289.0,,
female_1,0.16494845360824742,48.0,291.0,,
female_2,0.2422145328719723,70.0,289.0,,
male,0.21379310344827587,124.0,580.0,,
female,0.20344827586206896,118.0,580.0,,
Group 1,0.18213058419243985,106,582,0.034364261168384896,male
Group 2,0.23529411764705882,136,578,0.01384083044982698,female
Total,0.20862068965517241,242,1160,0.010344827586206917,male
