,accuracy,correct,count,Accuracy Parity,Accuracy Parity Class
male_1,0.2704960835509138,518.0,1915.0,,
male_2,0.22427126710291492,377.0,1681.0,,
female_1,0.26114249843063403,416.0,1593.0,,
female_2,0.26266666666666666,394.0,1500.0,,
male,0.2488876529477197,895.0,3596.0,,
female,0.2618816682832202,810.0,3093.0,,
Group 1,0.26624857468643104,934,3508,0.009353585120279784,male
Group 2,0.24237661112857592,771,3181,0.038395399563751736,female
Total,0.25489609807146063,1705,6689,0.012994015335500486,female
