,accuracy,correct,count,Accuracy Parity,Accuracy Parity Class
male_1,0.31492537313432833,422.0,1340.0,,
male_2,0.1778496362166532,220.0,1237.0,,
female_1,0.1896938013442868,254.0,1339.0,,
female_2,0.31366208569118836,388.0,1237.0,,
male,0.24912689173457508,642.0,2577.0,,
female,0.24922360248447206,642.0,2576.0,,
Group 1,0.2523329600597238,676,2679,0.12523157179004155,male
Group 2,0.24575586095392077,608,2474,0.13581244947453516,female
Total,0.24917523772559674,1284,5153,9.67107498969777e-05,female
