,accuracy,correct,count,Accuracy Parity,Accuracy Parity Class
male_1,0.26417910447761195,354.0,1340.0,,
male_2,0.137429264349232,170.0,1237.0,,
female_1,0.1463778939507095,196.0,1339.0,,
female_2,0.2667744543249798,330.0,1237.0,,
male,0.203337213814513,524.0,2577.0,,
female,0.20419254658385094,526.0,2576.0,,
Group 1,0.20530048525569242,550,2679,0.11780121052690246,male
Group 2,0.2021018593371059,500,2474,0.12934518997574782,female
Total,0.20376479720551136,1050,5153,0.0008553327693379409,female
