,accuracy,correct,count,Accuracy Parity,Accuracy Parity Class
male_1,0.23367697594501718,68.0,291.0,,
male_2,0.4117647058823529,119.0,289.0,,
female_1,0.38831615120274915,113.0,291.0,,
female_2,0.1972318339100346,57.0,289.0,,
male,0.32241379310344825,187.0,580.0,,
female,0.29310344827586204,170.0,580.0,,
Group 1,0.31099656357388317,181,582,0.15463917525773196,female
Group 2,0.3044982698961938,176,578,0.21453287197231832,male
Total,0.30775862068965515,357,1160,0.02931034482758621,male
