,accuracy,correct,count,Accuracy Parity,Accuracy Parity Class
male_1,0.13656716417910447,183.0,1340.0,,
male_2,0.25788197251414713,319.0,1237.0,,
female_1,0.24271844660194175,325.0,1339.0,,
female_2,0.12287793047696038,152.0,1237.0,,
male,0.19480015521924718,502.0,2577.0,,
female,0.18517080745341616,477.0,2576.0,,
Group 1,0.18962299365434865,508,2679,0.10615128242283728,female
Group 2,0.19037995149555376,471,2474,0.13500404203718674,male
Total,0.1899864156801863,979,5153,0.00962934776583102,male
