,accuracy,correct,count,Accuracy Parity,Accuracy Parity Class
male_1,0.18582089552238806,249.0,1340.0,,
male_2,0.2586903799514956,320.0,1237.0,,
female_1,0.2710978342046303,363.0,1339.0,,
female_2,0.15036378334680678,186.0,1237.0,,
male,0.22079937912301126,569.0,2577.0,,
female,0.21312111801242237,549.0,2576.0,,
Group 1,0.2284434490481523,612,2679,0.08527693868224223,female
Group 2,0.20452708164915118,506,2474,0.1083265966046888,male
Total,0.21696099359596352,1118,5153,0.007678261110588891,male
