,accuracy,correct,count,Accuracy Parity,Accuracy Parity Class
male_1,0.29553264604810997,86.0,291.0,,
male_2,0.4982698961937716,144.0,289.0,,
female_1,0.4639175257731959,135.0,291.0,,
female_2,0.23183391003460208,67.0,289.0,,
male,0.39655172413793105,230.0,580.0,,
female,0.3482758620689655,202.0,580.0,,
Group 1,0.3797250859106529,221,582,0.16838487972508592,female
Group 2,0.36505190311418684,211,578,0.2664359861591695,male
Total,0.3724137931034483,432,1160,0.04827586206896556,male
