,accuracy,correct,count,Accuracy Parity,Accuracy Parity Class
male_1,0.14432989690721648,42.0,291.0,,
male_2,0.11764705882352941,34.0,289.0,,
female_1,0.140893470790378,41.0,291.0,,
female_2,0.11072664359861592,32.0,289.0,,
male,0.1310344827586207,76.0,580.0,,
female,0.12586206896551724,73.0,580.0,,
Group 1,0.14261168384879724,83,582,0.0034364261168384758,male
Group 2,0.11418685121107267,66,578,0.00692041522491349,male
Total,0.12844827586206897,149,1160,0.005172413793103459,male
