,accuracy,correct,count,Accuracy Parity,Accuracy Parity Class
male_1,0.43986254295532645,128.0,291.0,,
male_2,0.44982698961937717,130.0,289.0,,
female_1,0.44329896907216493,129.0,291.0,,
female_2,0.4117647058823529,119.0,289.0,,
male,0.44482758620689655,258.0,580.0,,
female,0.42758620689655175,248.0,580.0,,
Group 1,0.4415807560137457,257,582,0.0034364261168384758,female
Group 2,0.43079584775086505,249,578,0.03806228373702425,male
Total,0.4362068965517241,506,1160,0.017241379310344807,male
