,accuracy,correct,count,Accuracy Parity,Accuracy Parity Class
male_1,0.29553264604810997,86.0,291.0,,
male_2,0.5017301038062284,145.0,289.0,,
female_1,0.4845360824742268,141.0,291.0,,
female_2,0.23529411764705882,68.0,289.0,,
male,0.39827586206896554,231.0,580.0,,
female,0.3603448275862069,209.0,580.0,,
Group 1,0.3900343642611684,227,582,0.18900343642611683,female
Group 2,0.3685121107266436,213,578,0.2664359861591696,male
Total,0.3793103448275862,440,1160,0.03793103448275864,male
