,accuracy,correct,count,Accuracy Parity,Accuracy Parity Class
male_1,0.17859007832898172,342.0,1915.0,,
male_2,0.11481261154074955,193.0,1681.0,,
female_1,0.19648462021343377,313.0,1593.0,,
female_2,0.15733333333333333,236.0,1500.0,,
male,0.14877641824249166,535.0,3596.0,,
female,0.17749757516973813,549.0,3093.0,,
Group 1,0.18671607753705816,655,3508,0.017894541884452053,female
Group 2,0.13486325055014148,429,3181,0.042520721792583774,female
Total,0.16205710868590223,1084,6689,0.028721156927246472,female
