,accuracy,correct,count,Accuracy Parity,Accuracy Parity Class
male_1,0.44314868804664725,152.0,343.0,,
male_2,0.4319526627218935,146.0,338.0,,
female_1,0.42517006802721086,125.0,294.0,,
female_2,0.440625,141.0,320.0,,
male,0.43759177679882527,298.0,681.0,,
female,0.43322475570032576,266.0,614.0,,
Group 1,0.434850863422292,277,637,0.017978620019436398,male
Group 2,0.43617021276595747,287,658,0.008672337278106512,female
Total,0.4355212355212355,564,1295,0.004367021098499513,male
