,accuracy,correct,count,Accuracy Parity,Accuracy Parity Class
male_1,0.31801566579634466,609.0,1915.0,,
male_2,0.2688875669244497,452.0,1681.0,,
female_1,0.3157564344005022,503.0,1593.0,,
female_2,0.32066666666666666,481.0,1500.0,,
male,0.2950500556173526,1061.0,3596.0,,
female,0.3181377303588749,984.0,3093.0,,
Group 1,0.3169897377423033,1112,3508,0.0022592313958424426,male
Group 2,0.2933039924552028,933,3181,0.05177909974221695,female
Total,0.3057258185079982,2045,6689,0.02308767474152229,female
