,accuracy,correct,count,Accuracy Parity,Accuracy Parity Class
male_1,0.29553264604810997,86.0,291.0,,
male_2,0.4982698961937716,144.0,289.0,,
female_1,0.47766323024054985,139.0,291.0,,
female_2,0.22837370242214533,66.0,289.0,,
male,0.39655172413793105,230.0,580.0,,
female,0.35344827586206895,205.0,580.0,,
Group 1,0.3865979381443299,225,582,0.18213058419243988,female
Group 2,0.3633217993079585,210,578,0.26989619377162627,male
Total,0.375,435,1160,0.0431034482758621,male
