,accuracy,correct,count,Accuracy Parity,Accuracy Parity Class
male_1,0.20149253731343283,270.0,1340.0,,
male_2,0.13096200485044462,162.0,1237.0,,
female_1,0.19492158327109785,261.0,1339.0,,
female_2,0.15683104284559418,194.0,1237.0,,
male,0.16763678696158324,432.0,2577.0,,
female,0.1766304347826087,455.0,2576.0,,
Group 1,0.19820828667413215,531,2679,0.006570954042334987,male
Group 2,0.1438965238480194,356,2474,0.025869037995149557,female
Total,0.172132738210751,887,5153,0.008993647821025463,female
