,accuracy,correct,count
male_1,0.6781609195402298,413.0,609.0
male_2,0.7661538461538462,249.0,325.0
female_1,0.7651888341543513,466.0,609.0
female_2,0.7292307692307692,237.0,325.0
