,accuracy,correct,count,Accuracy Parity,Accuracy Parity Class
male_1,0.141044776119403,189.0,1340.0,,
male_2,0.12206952303961197,151.0,1237.0,,
female_1,0.17998506348020912,241.0,1339.0,,
female_2,0.10913500404203719,135.0,1237.0,,
male,0.13193636010865348,340.0,2577.0,,
female,0.14596273291925466,376.0,2576.0,,
Group 1,0.1605076521089959,430,2679,0.038940287360806125,female
Group 2,0.11560226354082458,286,2474,0.012934518997574779,male
Total,0.13894818552299631,716,5153,0.014026372810601179,female
