,accuracy,correct,count,Accuracy Parity,Accuracy Parity Class
male_1,0.17238805970149254,231.0,1340.0,,
male_2,0.29668552950687144,367.0,1237.0,,
female_1,0.29798356982823004,399.0,1339.0,,
female_2,0.16491511721907842,204.0,1237.0,,
male,0.23205277454404347,598.0,2577.0,,
female,0.23408385093167702,603.0,2576.0,,
Group 1,0.23516237402015677,630,2679,0.1255955101267375,female
Group 2,0.23080032336297493,571,2474,0.13177041228779302,male
Total,0.23306811566078012,1201,5153,0.002031076387633557,female
