,accuracy,correct,count,Accuracy Parity,Accuracy Parity Class
male_1,0.5360824742268041,156.0,291.0,,
male_2,0.2560553633217993,74.0,289.0,,
female_1,0.3024054982817869,88.0,291.0,,
female_2,0.4809688581314879,139.0,289.0,,
male,0.39655172413793105,230.0,580.0,,
female,0.3913793103448276,227.0,580.0,,
Group 1,0.41924398625429554,244,582,0.23367697594501718,male
Group 2,0.3685121107266436,213,578,0.22491349480968859,female
Total,0.3939655172413793,457,1160,0.005172413793103459,male
