,accuracy,correct,count,Accuracy Parity,Accuracy Parity Class
male_1,0.2852233676975945,83.0,291.0,,
male_2,0.45674740484429066,132.0,289.0,,
female_1,0.4536082474226804,132.0,291.0,,
female_2,0.1972318339100346,57.0,289.0,,
male,0.3706896551724138,215.0,580.0,,
female,0.3258620689655172,189.0,580.0,,
Group 1,0.3694158075601375,215,582,0.16838487972508592,female
Group 2,0.32698961937716264,189,578,0.25951557093425603,male
Total,0.3482758620689655,404,1160,0.044827586206896586,male
