,accuracy,correct,count,Accuracy Parity,Accuracy Parity Class
male_1,0.2704960835509138,518.0,1915.0,,
male_2,0.21772754312908982,366.0,1681.0,,
female_1,0.2598870056497175,414.0,1593.0,,
female_2,0.27,405.0,1500.0,,
male,0.24582869855394884,884.0,3596.0,,
female,0.26479146459747815,819.0,3093.0,,
Group 1,0.26567844925883694,932,3508,0.010609077901196307,male
Group 2,0.24237661112857592,771,3181,0.0522724568709102,female
Total,0.25459709971595157,1703,6689,0.01896276604352931,female
