,accuracy,correct,count,Accuracy Parity,Accuracy Parity Class
male_1,0.436426116838488,127.0,291.0,,
male_2,0.42560553633217996,123.0,289.0,,
female_1,0.436426116838488,127.0,291.0,,
female_2,0.39100346020761245,113.0,289.0,,
male,0.43103448275862066,250.0,580.0,,
female,0.41379310344827586,240.0,580.0,,
Group 1,0.436426116838488,254,582,0.0,female
Group 2,0.4083044982698962,236,578,0.034602076124567505,male
Total,0.4224137931034483,490,1160,0.017241379310344807,male
