,accuracy,correct,count,Accuracy Parity,Accuracy Parity Class
male_1,0.44329896907216493,129.0,291.0,,
male_2,0.2422145328719723,70.0,289.0,,
female_1,0.2646048109965636,77.0,291.0,,
female_2,0.4013840830449827,116.0,289.0,,
male,0.3431034482758621,199.0,580.0,,
female,0.33275862068965517,193.0,580.0,,
Group 1,0.3539518900343643,206,582,0.17869415807560135,male
Group 2,0.3217993079584775,186,578,0.15916955017301038,female
Total,0.33793103448275863,392,1160,0.010344827586206917,male
