,accuracy,correct,count,Accuracy Parity,Accuracy Parity Class
male_1,0.1701492537313433,228.0,1340.0,,
male_2,0.30638641875505257,379.0,1237.0,,
female_1,0.29424943988050783,394.0,1339.0,,
female_2,0.14227970897332257,176.0,1237.0,,
male,0.2355452076057431,607.0,2577.0,,
female,0.22127329192546583,570.0,2576.0,,
Group 1,0.23217618514371033,622,2679,0.12410018614916454,female
Group 2,0.22433306386418755,555,2474,0.16410670978173,male
Total,0.228410634581797,1177,5153,0.014271915680277275,male
