,accuracy,correct,count,Accuracy Parity,Accuracy Parity Class
male_1,0.44673539518900346,130.0,291.0,,
male_2,0.42214532871972316,122.0,289.0,,
female_1,0.41924398625429554,122.0,291.0,,
female_2,0.40484429065743943,117.0,289.0,,
male,0.43448275862068964,252.0,580.0,,
female,0.41206896551724137,239.0,580.0,,
Group 1,0.4329896907216495,252,582,0.027491408934707917,male
Group 2,0.4134948096885813,239,578,0.017301038062283725,male
Total,0.4232758620689655,491,1160,0.022413793103448265,male
