,accuracy,correct,count,Accuracy Parity,Accuracy Parity Class
male_1,0.1761194029850746,236.0,1340.0,,
male_2,0.30072756669361356,372.0,1237.0,,
female_1,0.292755787901419,392.0,1339.0,,
female_2,0.15036378334680678,186.0,1237.0,,
male,0.23593325572370974,608.0,2577.0,,
female,0.22437888198757763,578.0,2576.0,,
Group 1,0.23441582680104517,628,2679,0.11663638491634437,female
Group 2,0.2255456750202102,558,2474,0.15036378334680678,male
Total,0.23015718998641568,1186,5153,0.011554373736132106,male
