,accuracy,correct,count,Accuracy Parity,Accuracy Parity Class
male_1,0.4329896907216495,126.0,291.0,,
male_2,0.4429065743944637,128.0,289.0,,
female_1,0.4329896907216495,126.0,291.0,,
female_2,0.41522491349480967,120.0,289.0,,
male,0.4379310344827586,254.0,580.0,,
female,0.4241379310344828,246.0,580.0,,
Group 1,0.4329896907216495,252,582,0.0,female
Group 2,0.4290657439446367,248,578,0.027681660899654015,male
Total,0.43103448275862066,500,1160,0.013793103448275834,male
