,accuracy,correct,count,Accuracy Parity,Accuracy Parity Class
male_1,0.32313432835820893,433.0,1340.0,,
male_2,0.15521422797089734,192.0,1237.0,,
female_1,0.17326362957430919,232.0,1339.0,,
female_2,0.3128536782538399,387.0,1237.0,,
male,0.24253007372914243,625.0,2577.0,,
female,0.2402950310559006,619.0,2576.0,,
Group 1,0.24822695035460993,665,2679,0.14987069878389975,male
Group 2,0.23403395311236863,579,2474,0.15763945028294257,female
Total,0.24141276926062488,1244,5153,0.002235042673241816,male
