,accuracy,correct,count,Accuracy Parity,Accuracy Parity Class
male_1,0.4606413994169096,158.0,343.0,,
male_2,0.4881656804733728,165.0,338.0,,
female_1,0.445578231292517,131.0,294.0,,
female_2,0.475,152.0,320.0,,
male,0.47430249632892807,323.0,681.0,,
female,0.4609120521172638,283.0,614.0,,
Group 1,0.45368916797488223,289,637,0.015063168124392623,male
Group 2,0.4817629179331307,317,658,0.013165680473372798,male
Total,0.46795366795366794,606,1295,0.013390444211664243,male
