,accuracy,correct,count,Accuracy Parity,Accuracy Parity Class,Per Class Accuracy Parity,Male Parity Top 3 Classes,Female Parity Top 3 Classes
male_1,0.296711509715994,397.0,1338.0,,,,,
male_2,0.24110032362459546,298.0,1236.0,,,,,
female_1,0.29596412556053814,396.0,1338.0,,,,,
female_2,0.2783171521035599,344.0,1236.0,,,,,
male,0.27000777000777,695.0,2574.0,,,,,
female,0.2874902874902875,740.0,2574.0,,,,,
Group 1,0.29633781763826605,793,2676,0.000747384155455888,male,0.13110880077095236,,
Group 2,0.25970873786407767,642,2472,0.03721682847896443,female,0.13680775055697647,,
Total,0.27874902874902874,1435,5148,0.0174825174825175,female,0.13395827566396443,"cooking (0.5), sweeping (0.45454545454545453), unpacking (0.4444444444444445)","strapping (-0.6), pumping (-0.5555555555555556), shelving (-0.46666666666666673)"
