,accuracy,correct,count,Accuracy Parity,Accuracy Parity Class,Per Class Accuracy Parity,Male Parity Top 3 Classes,Female Parity Top 3 Classes
male_1,0.3007832898172324,576.0,1915.0,,,,,
male_2,0.2379535990481856,400.0,1681.0,,,,,
female_1,0.3163841807909605,504.0,1593.0,,,,,
female_2,0.304,456.0,1500.0,,,,,
male,0.271412680756396,976.0,3596.0,,,,,
female,0.31037827352085356,960.0,3093.0,,,,,
Group 1,0.30786773090079816,1080,3508,0.015600890973728077,female,0.13816023083003023,,
Group 2,0.2690977679974851,856,3181,0.06604640095181438,female,0.14481271617483216,,
Total,0.2894304081327553,1936,6689,0.038965592764457546,female,0.14148647350243118,"autographing (0.55), crafting (0.38461538461538464), operating (0.3684210526315789)","strapping (-0.6), mopping (-0.5047619047619047), sitting (-0.482837528604119)"
