,accuracy,correct,count
male_1,0.7651888341543513,466.0,609.0
male_2,0.6923076923076923,225.0,325.0
female_1,0.7142857142857143,435.0,609.0
female_2,0.8492307692307692,276.0,325.0
