,accuracy,correct,count,Accuracy Parity,Accuracy Parity Class
male_1,0.49828178694158076,145.0,291.0,,
male_2,0.31833910034602075,92.0,289.0,,
female_1,0.3024054982817869,88.0,291.0,,
female_2,0.5294117647058824,153.0,289.0,,
male,0.4086206896551724,237.0,580.0,,
female,0.41551724137931034,241.0,580.0,,
Group 1,0.40034364261168387,233,582,0.19587628865979384,male
Group 2,0.42387543252595156,245,578,0.2110726643598616,female
Total,0.41206896551724137,478,1160,0.006896551724137945,female
