,accuracy,correct,count,Accuracy Parity,Accuracy Parity Class
male_1,0.2701492537313433,362.0,1340.0,,
male_2,0.1406628940986257,174.0,1237.0,,
female_1,0.140403286034354,188.0,1339.0,,
female_2,0.27566693613581245,341.0,1237.0,,
male,0.20799379123011252,536.0,2577.0,,
female,0.20535714285714285,529.0,2576.0,,
Group 1,0.20530048525569242,550,2679,0.1297459676969893,male
Group 2,0.20816491511721907,515,2474,0.13500404203718674,female
Total,0.2066757228798758,1065,5153,0.0026366483729696744,male
