,accuracy,correct,count,Accuracy Parity,Accuracy Parity Class
male_1,0.2417910447761194,324.0,1340.0,,
male_2,0.11398544866612773,141.0,1237.0,,
female_1,0.11277072442120986,151.0,1339.0,,
female_2,0.25545675020210185,316.0,1237.0,,
male,0.18044237485448195,465.0,2577.0,,
female,0.18128881987577639,467.0,2576.0,,
Group 1,0.1773049645390071,475,2679,0.12902032035490954,male
Group 2,0.1847210994341148,457,2474,0.14147130153597412,female
Total,0.18086551523384437,932,5153,0.0008464450212944397,female
