,accuracy,correct,count,Accuracy Parity,Accuracy Parity Class
male_1,0.1582089552238806,212.0,1340.0,,
male_2,0.29668552950687144,367.0,1237.0,,
female_1,0.2830470500373413,379.0,1339.0,,
female_2,0.14551333872271624,180.0,1237.0,,
male,0.22467986030267753,579.0,2577.0,,
female,0.2170031055900621,559.0,2576.0,,
Group 1,0.2206047032474804,591,2679,0.12483809481346073,female
Group 2,0.22109943411479385,547,2474,0.1511721907841552,male
Total,0.22084222782844945,1138,5153,0.007676754712615419,male
