,accuracy,correct,count,Accuracy Parity,Accuracy Parity Class
male_1,0.4518950437317784,155.0,343.0,,
male_2,0.4911242603550296,166.0,338.0,,
female_1,0.4489795918367347,132.0,294.0,,
female_2,0.465625,149.0,320.0,,
male,0.4713656387665198,321.0,681.0,,
female,0.4576547231270358,281.0,614.0,,
Group 1,0.45054945054945056,287,637,0.002915451895043719,male
Group 2,0.4787234042553192,315,658,0.025499260355029585,male
Total,0.4648648648648649,602,1295,0.013710915639484011,male
