,accuracy,correct,count,Accuracy Parity,Accuracy Parity Class
male_1,0.2298507462686567,308.0,1340.0,,
male_2,0.21503637833468067,266.0,1237.0,,
female_1,0.24869305451829724,333.0,1339.0,,
female_2,0.2231204527081649,276.0,1237.0,,
male,0.2227396197128444,574.0,2577.0,,
female,0.23641304347826086,609.0,2576.0,,
Group 1,0.23926838372527062,641,2679,0.018842308249640533,female
Group 2,0.2190784155214228,542,2474,0.00808407437348424,female
Total,0.22957500485154278,1183,5153,0.01367342376541647,female
