,accuracy,correct,count,Accuracy Parity,Accuracy Parity Class
male_1,0.27835051546391754,81.0,291.0,,
male_2,0.41522491349480967,120.0,289.0,,
female_1,0.3951890034364261,115.0,291.0,,
female_2,0.1903114186851211,55.0,289.0,,
male,0.34655172413793106,201.0,580.0,,
female,0.29310344827586204,170.0,580.0,,
Group 1,0.33676975945017185,196,582,0.11683848797250856,female
Group 2,0.3027681660899654,175,578,0.22491349480968856,male
Total,0.31982758620689655,371,1160,0.05344827586206902,male
