,accuracy,correct,count,Accuracy Parity,Accuracy Parity Class
male_1,0.19776119402985073,265.0,1340.0,,
male_2,0.211802748585287,262.0,1237.0,,
female_1,0.21209858103061988,284.0,1339.0,,
female_2,0.22797089733225545,282.0,1237.0,,
male,0.2045013581684129,527.0,2577.0,,
female,0.21972049689440995,566.0,2576.0,,
Group 1,0.20492721164613661,549,2679,0.014337387000769142,female
Group 2,0.2198868229587712,544,2474,0.016168148746968453,female
Total,0.2121094508053561,1093,5153,0.015219138725997061,female
