,accuracy,correct,count,Accuracy Parity,Accuracy Parity Class
male_1,0.49140893470790376,143.0,291.0,,
male_2,0.2837370242214533,82.0,289.0,,
female_1,0.27147766323024053,79.0,291.0,,
female_2,0.4463667820069204,129.0,289.0,,
male,0.3879310344827586,225.0,580.0,,
female,0.3586206896551724,208.0,580.0,,
Group 1,0.38144329896907214,222,582,0.21993127147766323,male
Group 2,0.36505190311418684,211,578,0.16262975778546712,female
Total,0.3732758620689655,433,1160,0.02931034482758621,male
