,accuracy,correct,count,Accuracy Parity,Accuracy Parity Class
male_1,0.24489795918367346,84.0,343.0,,
male_2,0.2988165680473373,101.0,338.0,,
female_1,0.2857142857142857,84.0,294.0,,
female_2,0.328125,105.0,320.0,,
male,0.27165932452276065,185.0,681.0,,
female,0.30781758957654726,189.0,614.0,,
Group 1,0.26373626373626374,168,637,0.040816326530612235,female
Group 2,0.3130699088145897,206,658,0.029308431952662695,female
Total,0.2888030888030888,374,1295,0.03615826505378661,female
