,accuracy,correct,count,Accuracy Parity,Accuracy Parity Class
male_1,0.14328358208955225,192.0,1340.0,,
male_2,0.26434923201293453,327.0,1237.0,,
female_1,0.2524271844660194,338.0,1339.0,,
female_2,0.13177041228779304,163.0,1237.0,,
male,0.20139697322467986,519.0,2577.0,,
female,0.19448757763975155,501.0,2576.0,,
Group 1,0.19783501306457635,530,2679,0.10914360237646717,female
Group 2,0.19805982215036377,490,2474,0.1325788197251415,male
Total,0.19794294585678246,1020,5153,0.006909395584928313,male
