,accuracy,correct,count,Accuracy Parity,Accuracy Parity Class
male_1,0.3951890034364261,115.0,291.0,,
male_2,0.39792387543252594,115.0,289.0,,
female_1,0.41924398625429554,122.0,291.0,,
female_2,0.38408304498269896,111.0,289.0,,
male,0.39655172413793105,230.0,580.0,,
female,0.4017241379310345,233.0,580.0,,
Group 1,0.4072164948453608,237,582,0.02405498281786944,female
Group 2,0.39100346020761245,226,578,0.01384083044982698,male
Total,0.39913793103448275,463,1160,0.005172413793103459,female
