,accuracy,correct,count,Accuracy Parity,Accuracy Parity Class,Per Class Accuracy Parity,Male Parity Top 3 Classes,Female Parity Top 3 Classes
male_1,0.30886426592797783,446.0,1444.0,,,,,
male_2,0.26461538461538464,344.0,1300.0,,,,,
female_1,0.3319805194805195,409.0,1232.0,,,,,
female_2,0.3046075085324232,357.0,1172.0,,,,,
male,0.2879008746355685,790.0,2744.0,,,,,
female,0.31863560732113144,766.0,2404.0,,,,,
Group 1,0.3195067264573991,855,2676,0.023116253552541655,female,0.15098024916683547,,
Group 2,0.2835760517799353,701,2472,0.03999212391703855,female,0.1582586078651161,,
Total,0.30225330225330227,1556,5148,0.030734732685562927,female,0.15461942851597577,"autographing (0.5384615384615384), buttoning (0.4375), kicking (0.3865546218487395)","strapping (-0.6), buckling (-0.5555555555555556), combing (-0.5)"
