,accuracy,correct,count,Accuracy Parity,Accuracy Parity Class
male_1,0.4577259475218659,157.0,343.0,,
male_2,0.4911242603550296,166.0,338.0,,
female_1,0.46258503401360546,136.0,294.0,,
female_2,0.471875,151.0,320.0,,
male,0.47430249632892807,323.0,681.0,,
female,0.46742671009771986,287.0,614.0,,
Group 1,0.4599686028257457,293,637,0.00485908649173955,female
Group 2,0.4817629179331307,317,658,0.019249260355029607,male
Total,0.47104247104247104,610,1295,0.006875786231208214,male
