,accuracy,correct,count,Accuracy Parity,Accuracy Parity Class
male_1,0.26318537859007834,504.0,1915.0,,
male_2,0.2117787031528852,356.0,1681.0,,
female_1,0.2580037664783427,411.0,1593.0,,
female_2,0.266,399.0,1500.0,,
male,0.23915461624026696,860.0,3596.0,,
female,0.2618816682832202,810.0,3093.0,,
Group 1,0.26083238312428736,915,3508,0.005181612111735623,male
Group 2,0.237346746306193,755,3181,0.054221296847114825,female
Total,0.24966362685005233,1670,6689,0.022727052042953222,female
