,accuracy,correct,count,Accuracy Parity,Accuracy Parity Class
male_1,0.33676975945017185,98.0,291.0,,
male_2,0.3633217993079585,105.0,289.0,,
female_1,0.3848797250859107,112.0,291.0,,
female_2,0.314878892733564,91.0,289.0,,
male,0.35,203.0,580.0,,
female,0.35,203.0,580.0,,
Group 1,0.36082474226804123,210,582,0.04810996563573883,female
Group 2,0.3391003460207612,196,578,0.048442906574394484,male
Total,0.35,406,1160,0.0,female
