,accuracy,correct,count,Accuracy Parity,Accuracy Parity Class
male_1,0.26804123711340205,78.0,291.0,,
male_2,0.3494809688581315,101.0,289.0,,
female_1,0.3436426116838488,100.0,291.0,,
female_2,0.16262975778546712,47.0,289.0,,
male,0.3086206896551724,179.0,580.0,,
female,0.253448275862069,147.0,580.0,,
Group 1,0.30584192439862545,178,582,0.07560137457044674,female
Group 2,0.2560553633217993,148,578,0.1868512110726644,male
Total,0.2810344827586207,326,1160,0.05517241379310345,male
