,accuracy,correct,count,Accuracy Parity,Accuracy Parity Class
male_1,0.061855670103092786,18.0,291.0,,
male_2,0.12110726643598616,35.0,289.0,,
female_1,0.07903780068728522,23.0,291.0,,
female_2,0.1453287197231834,42.0,289.0,,
male,0.09137931034482759,53.0,580.0,,
female,0.11206896551724138,65.0,580.0,,
Group 1,0.070446735395189,41,582,0.017182130584192434,female
Group 2,0.13321799307958476,77,578,0.024221453287197242,female
Total,0.10172413793103448,118,1160,0.020689655172413793,female
