,accuracy,correct,count,Accuracy Parity,Accuracy Parity Class
male_1,0.40893470790378006,119.0,291.0,,
male_2,0.4186851211072664,121.0,289.0,,
female_1,0.38831615120274915,113.0,291.0,,
female_2,0.42560553633217996,123.0,289.0,,
male,0.41379310344827586,240.0,580.0,,
female,0.4068965517241379,236.0,580.0,,
Group 1,0.39862542955326463,232,582,0.02061855670103091,male
Group 2,0.42214532871972316,244,578,0.006920415224913545,female
Total,0.4103448275862069,476,1160,0.006896551724137945,male
