,accuracy,correct,count,Accuracy Parity,Accuracy Parity Class
male_1,0.2919060052219321,559.0,1915.0,,
male_2,0.2766210588935158,465.0,1681.0,,
female_1,0.3157564344005022,503.0,1593.0,,
female_2,0.31666666666666665,475.0,1500.0,,
male,0.28476084538375973,1024.0,3596.0,,
female,0.31619786614936957,978.0,3093.0,,
Group 1,0.30273660205245156,1062,3508,0.02385042917857011,female
Group 2,0.2955045583149953,940,3181,0.04004560777315086,female
Total,0.29929735386455375,2002,6689,0.031437020765609835,female
