,accuracy,correct,count,Accuracy Parity,Accuracy Parity Class
male_1,0.38144329896907214,111.0,291.0,,
male_2,0.25951557093425603,75.0,289.0,,
female_1,0.24398625429553264,71.0,291.0,,
female_2,0.4532871972318339,131.0,289.0,,
male,0.32068965517241377,186.0,580.0,,
female,0.3482758620689655,202.0,580.0,,
Group 1,0.3127147766323024,182,582,0.1374570446735395,male
Group 2,0.356401384083045,206,578,0.19377162629757788,female
Total,0.33448275862068966,388,1160,0.027586206896551724,female
