,accuracy,correct,count,Accuracy Parity,Accuracy Parity Class
male_1,0.40524781341107874,139.0,343.0,,
male_2,0.4319526627218935,146.0,338.0,,
female_1,0.3843537414965986,113.0,294.0,,
female_2,0.434375,139.0,320.0,,
male,0.4185022026431718,285.0,681.0,,
female,0.41042345276872966,252.0,614.0,,
Group 1,0.3956043956043956,252,637,0.020894071914480117,male
Group 2,0.4331306990881459,285,658,0.0024223372781065344,female
Total,0.4146718146718147,537,1295,0.008078749874442126,male
