,accuracy,correct,count,Accuracy Parity,Accuracy Parity Class,Per Class Accuracy Parity,Male Parity Top 3 Classes,Female Parity Top 3 Classes
male_1,0.30886426592797783,446.0,1444.0,,,,,
male_2,0.2723076923076923,354.0,1300.0,,,,,
female_1,0.32305194805194803,398.0,1232.0,,,,,
female_2,0.302901023890785,355.0,1172.0,,,,,
male,0.2915451895043732,800.0,2744.0,,,,,
female,0.3132279534109817,753.0,2404.0,,,,,
Group 1,0.3153961136023916,844,2676,0.014187682123970202,female,0.15160933356077716,,
Group 2,0.28681229773462785,709,2472,0.030593331583092687,female,0.14544063456995884,,
Total,0.3016705516705517,1553,5148,0.021682763906608504,female,0.14852498406536796,"begging (0.5454545454545454), buttoning (0.5), crafting (0.45454545454545453)","pouring (-0.5), buckling (-0.4444444444444444), wheeling (-0.43790849673202614)"
