,accuracy,correct,count,Accuracy Parity,Accuracy Parity Class
male_1,0.24742268041237114,72.0,291.0,,
male_2,0.4463667820069204,129.0,289.0,,
female_1,0.42955326460481097,125.0,291.0,,
female_2,0.2041522491349481,59.0,289.0,,
male,0.34655172413793106,201.0,580.0,,
female,0.31724137931034485,184.0,580.0,,
Group 1,0.3384879725085911,197,582,0.18213058419243983,female
Group 2,0.32525951557093424,188,578,0.24221453287197234,male
Total,0.33189655172413796,385,1160,0.02931034482758621,male
