,accuracy,correct,count,Accuracy Parity,Accuracy Parity Class
male_1,0.24925373134328357,334.0,1340.0,,
male_2,0.23362974939369444,289.0,1237.0,,
female_1,0.2621359223300971,351.0,1339.0,,
female_2,0.2368633791430881,293.0,1237.0,,
male,0.24175397749320915,623.0,2577.0,,
female,0.25,644.0,2576.0,,
Group 1,0.255692422545726,685,2679,0.012882190986813508,female
Group 2,0.23524656426839127,582,2474,0.003233629749393674,female
Total,0.2458761886279837,1267,5153,0.008246022506790851,female
