,accuracy,correct,count,Accuracy Parity,Accuracy Parity Class
male_1,0.4489795918367347,154.0,343.0,,
male_2,0.47633136094674555,161.0,338.0,,
female_1,0.4557823129251701,134.0,294.0,,
female_2,0.465625,149.0,320.0,,
male,0.46255506607929514,315.0,681.0,,
female,0.4609120521172638,283.0,614.0,,
Group 1,0.4521193092621664,288,637,0.006802721088435382,female
Group 2,0.47112462006079026,310,658,0.010706360946745541,male
Total,0.4617760617760618,598,1295,0.0016430139620313144,male
