,accuracy,correct,count
male_1,0.24742268041237114,72.0,291.0
male_2,0.4463667820069204,129.0,289.0
female_1,0.45017182130584193,131.0,291.0
female_2,0.1903114186851211,55.0,289.0
