,accuracy,correct,count,Accuracy Parity,Accuracy Parity Class
male_1,0.07537313432835821,101.0,1340.0,,
male_2,0.08811641067097817,109.0,1237.0,,
female_1,0.0948469006721434,127.0,1339.0,,
female_2,0.09458367016976556,117.0,1237.0,,
male,0.08149010477299184,210.0,2577.0,,
female,0.09472049689440994,244.0,2576.0,,
Group 1,0.0851063829787234,228,2679,0.019473766343785184,female
Group 2,0.09135004042037187,226,2474,0.006467259498787389,female
Total,0.08810401707743062,454,5153,0.013230392121418091,female
