,accuracy,correct,count,Accuracy Parity,Accuracy Parity Class
male_1,0.27571801566579635,528.0,1915.0,,
male_2,0.22546103509815585,379.0,1681.0,,
female_1,0.2730696798493409,435.0,1593.0,,
female_2,0.274,411.0,1500.0,,
male,0.2522246941045606,907.0,3596.0,,
female,0.2735208535402522,846.0,3093.0,,
Group 1,0.274515393386545,963,3508,0.0026483358164554605,male
Group 2,0.2483495756051556,790,3181,0.04853896490184417,female
Total,0.26207205860367766,1753,6689,0.021296159435691575,female
