,accuracy,correct,count
male_1,0.5051546391752577,147.0,291.0
male_2,0.2491349480968858,72.0,289.0
female_1,0.29896907216494845,87.0,291.0
female_2,0.46366782006920415,134.0,289.0
