,accuracy,correct,count,Accuracy Parity,Accuracy Parity Class
male_1,0.436426116838488,127.0,291.0,,
male_2,0.4463667820069204,129.0,289.0,,
female_1,0.44329896907216493,129.0,291.0,,
female_2,0.42214532871972316,122.0,289.0,,
male,0.4413793103448276,256.0,580.0,,
female,0.43275862068965515,251.0,580.0,,
Group 1,0.43986254295532645,256,582,0.0068728522336769515,female
Group 2,0.4342560553633218,251,578,0.02422145328719727,male
Total,0.4370689655172414,507,1160,0.008620689655172431,male
