,accuracy,correct,count
male_1,0.4606413994169096,158.0,343.0
male_2,0.5088757396449705,172.0,338.0
female_1,0.46938775510204084,138.0,294.0
female_2,0.484375,155.0,320.0
