,accuracy,correct,count,Accuracy Parity,Accuracy Parity Class
male_1,0.2605744125326371,499.0,1915.0,,
male_2,0.21296847114812612,358.0,1681.0,,
female_1,0.23854362837413684,380.0,1593.0,,
female_2,0.26066666666666666,391.0,1500.0,,
male,0.23832035595105672,857.0,3596.0,,
female,0.2492725509214355,771.0,3093.0,,
Group 1,0.25057012542759405,879,3508,0.02203078415850024,male
Group 2,0.23546054699779945,749,3181,0.04769819551854054,female
Total,0.24338466138436238,1628,6689,0.010952194970378776,female
