,accuracy,correct,count,Accuracy Parity,Accuracy Parity Class
male_1,0.31865671641791044,427.0,1340.0,,
male_2,0.3039611964430073,376.0,1237.0,,
female_1,0.31590739357729647,423.0,1339.0,,
female_2,0.2991107518189167,370.0,1237.0,,
male,0.3116026387272022,803.0,2577.0,,
female,0.3078416149068323,793.0,2576.0,,
Group 1,0.3172825681224337,850,2679,0.002749322840613966,male
Group 2,0.301535974130962,746,2474,0.004850444624090566,male
Total,0.30972249175237726,1596,5153,0.0037610238203698576,male
