,accuracy,correct,count,Accuracy Parity,Accuracy Parity Class
male_1,0.46647230320699706,160.0,343.0,,
male_2,0.47928994082840237,162.0,338.0,,
female_1,0.47619047619047616,140.0,294.0,,
female_2,0.48125,154.0,320.0,,
male,0.47283406754772395,322.0,681.0,,
female,0.4788273615635179,294.0,614.0,,
Group 1,0.47095761381475665,300,637,0.0097181729834791,female
Group 2,0.48024316109422494,316,658,0.001960059171597639,female
Total,0.4756756756756757,616,1295,0.00599329401579396,female
