,accuracy,correct,count,Accuracy Parity,Accuracy Parity Class
male_1,0.4139941690962099,142.0,343.0,,
male_2,0.42011834319526625,142.0,338.0,,
female_1,0.3843537414965986,113.0,294.0,,
female_2,0.371875,119.0,320.0,,
male,0.4170337738619677,284.0,681.0,,
female,0.3778501628664495,232.0,614.0,,
Group 1,0.4003139717425432,255,637,0.029640427599611274,male
Group 2,0.3966565349544073,261,658,0.04824334319526624,male
Total,0.39845559845559847,516,1295,0.0391836109955182,male
