,accuracy,correct,count,Accuracy Parity,Accuracy Parity Class
male_1,0.4536082474226804,132.0,291.0,,
male_2,0.2906574394463668,84.0,289.0,,
female_1,0.27147766323024053,79.0,291.0,,
female_2,0.4290657439446367,124.0,289.0,,
male,0.3724137931034483,216.0,580.0,,
female,0.35,203.0,580.0,,
Group 1,0.36254295532646047,211,582,0.18213058419243988,male
Group 2,0.35986159169550175,208,578,0.1384083044982699,female
Total,0.3612068965517241,419,1160,0.02241379310344832,male
