,accuracy,correct,count,Accuracy Parity,Accuracy Parity Class
male_1,0.12761194029850748,171.0,1340.0,,
male_2,0.2368633791430881,293.0,1237.0,,
female_1,0.21657953696788648,290.0,1339.0,,
female_2,0.12368633791430882,153.0,1237.0,,
male,0.18005432673651534,464.0,2577.0,,
female,0.171972049689441,443.0,2576.0,,
Group 1,0.17207913400522584,461,2679,0.088967596669379,female
Group 2,0.18027485852869846,446,2474,0.1131770412287793,male
Total,0.17601397244323694,907,5153,0.008082277047074343,male
