,accuracy,correct,count,Accuracy Parity,Accuracy Parity Class
male_1,0.3164490861618799,606.0,1915.0,,
male_2,0.2635336109458656,443.0,1681.0,,
female_1,0.30634023854362835,488.0,1593.0,,
female_2,0.318,477.0,1500.0,,
male,0.2917130144605117,1049.0,3596.0,,
female,0.3119948270287747,965.0,3093.0,,
Group 1,0.31185860889395667,1094,3508,0.010108847618251537,male
Group 2,0.28921722728701665,920,3181,0.05446638905413442,female
Total,0.301091343997608,2014,6689,0.020281812568263002,female
