,accuracy,correct,count,Accuracy Parity,Accuracy Parity Class
male_1,0.1619402985074627,217.0,1340.0,,
male_2,0.3047696038803557,377.0,1237.0,,
female_1,0.2935026138909634,393.0,1339.0,,
female_2,0.1544058205335489,191.0,1237.0,,
male,0.23050058207217694,594.0,2577.0,,
female,0.2267080745341615,584.0,2576.0,,
Group 1,0.22769690182904068,610,2679,0.1315623153835007,female
Group 2,0.22958771220695232,568,2474,0.15036378334680678,male
Total,0.2286046962934213,1178,5153,0.0037925075380154383,male
