,accuracy,correct,count,Accuracy Parity,Accuracy Parity Class
male_1,0.18208955223880596,244.0,1340.0,,
male_2,0.18997574777687956,235.0,1237.0,,
female_1,0.18446601941747573,247.0,1339.0,,
female_2,0.2198868229587712,272.0,1237.0,,
male,0.18587504850601475,479.0,2577.0,,
female,0.2014751552795031,519.0,2576.0,,
Group 1,0.18327734229189996,491,2679,0.0023764671786697666,female
Group 2,0.20493128536782537,507,2474,0.02991107518189165,female
Total,0.19367358820104794,998,5153,0.01560010677348836,female
