,accuracy,correct,count,Accuracy Parity,Accuracy Parity Class,Per Class Accuracy Parity,Male Parity Top 3 Classes,Female Parity Top 3 Classes
male_1,0.3761194029850746,504.0,1340.0,,,,,
male_2,0.3427647534357316,424.0,1237.0,,,,,
female_1,0.380134428678118,509.0,1339.0,,,,,
female_2,0.3419563459983832,423.0,1237.0,,,,,
male,0.36010865347303067,928.0,2577.0,,,,,
female,0.36180124223602483,932.0,2576.0,,,,,
Group 1,0.37812616648002983,1013,2679,0.00401502569304335,female,0.13038674775516876,,
Group 2,0.34236054971705737,847,2474,0.0008084074373483907,male,0.1633129078094248,,
Total,0.36095478362119154,1860,5153,0.0016925887629941627,female,0.14684982778229683,"wrinkling (0.6000000000000001), standing (0.5384615384615385), rocking (0.5)","climbing (-0.45454545454545453), pouting (-0.45454545454545453), crouching (-0.4)"
