,accuracy,correct,count,Accuracy Parity,Accuracy Parity Class
male_1,0.37900874635568516,130.0,343.0,,
male_2,0.41124260355029585,139.0,338.0,,
female_1,0.35034013605442177,103.0,294.0,,
female_2,0.415625,133.0,320.0,,
male,0.39500734214390604,269.0,681.0,,
female,0.38436482084690554,236.0,614.0,,
Group 1,0.36577708006279436,233,637,0.028668610301263386,male
Group 2,0.4133738601823708,272,658,0.004382396449704173,female
Total,0.38996138996138996,505,1295,0.010642521297000496,male
