,accuracy,correct,count,Accuracy Parity,Accuracy Parity Class
male_1,0.5017182130584192,146.0,291.0,,
male_2,0.2906574394463668,84.0,289.0,,
female_1,0.2852233676975945,83.0,291.0,,
female_2,0.4913494809688581,142.0,289.0,,
male,0.39655172413793105,230.0,580.0,,
female,0.3879310344827586,225.0,580.0,,
Group 1,0.39347079037800686,229,582,0.21649484536082475,male
Group 2,0.39100346020761245,226,578,0.20069204152249132,female
Total,0.3922413793103448,455,1160,0.008620689655172431,male
