,accuracy,correct,count,Accuracy Parity,Accuracy Parity Class
male_1,0.1373134328358209,184.0,1340.0,,
male_2,0.26192400970088925,324.0,1237.0,,
female_1,0.25317401045556387,339.0,1339.0,,
female_2,0.12126111560226355,150.0,1237.0,,
male,0.19712844392704695,508.0,2577.0,,
female,0.18982919254658384,489.0,2576.0,,
Group 1,0.1952220977976857,523,2679,0.11586057761974297,female
Group 2,0.1915925626515764,474,2474,0.1406628940986257,male
Total,0.19347952648942363,997,5153,0.007299251380463112,male
