,accuracy,correct,count,Accuracy Parity,Accuracy Parity Class,Per Class Accuracy Parity,Male Parity Top 3 Classes,Female Parity Top 3 Classes
male_1,0.382089552238806,512.0,1340.0,,,,,
male_2,0.34842360549717055,431.0,1237.0,,,,,
female_1,0.37789395070948467,506.0,1339.0,,,,,
female_2,0.3459983831851253,428.0,1237.0,,,,,
male,0.36592937524253005,943.0,2577.0,,,,,
female,0.36257763975155277,934.0,2576.0,,,,,
Group 1,0.3799925345278089,1018,2679,0.004195601529321302,male,0.12454867543876827,,
Group 2,0.34721099434114794,859,2474,0.0024252223120452276,male,0.14683165785023372,,
Total,0.36425383271880457,1877,5153,0.003351735490977281,male,0.1356901666445009,"wringing (0.4444444444444444), gardening (0.4), raking (0.4)","climbing (-0.45454545454545453), stuffing (-0.42857142857142855), perspiring (-0.42105263157894735)"
