,accuracy,correct,count,Accuracy Parity,Accuracy Parity Class
male_1,0.30927835051546393,90.0,291.0,,
male_2,0.4982698961937716,144.0,289.0,,
female_1,0.5017182130584192,146.0,291.0,,
female_2,0.22491349480968859,65.0,289.0,,
male,0.40344827586206894,234.0,580.0,,
female,0.36379310344827587,211.0,580.0,,
Group 1,0.4054982817869416,236,582,0.1924398625429553,female
Group 2,0.3615916955017301,209,578,0.273356401384083,male
Total,0.38362068965517243,445,1160,0.03965517241379307,male
