,accuracy,correct,count,Accuracy Parity,Accuracy Parity Class
male_1,0.2417910447761194,324.0,1340.0,,
male_2,0.19886822958771222,246.0,1237.0,,
female_1,0.23300970873786409,312.0,1339.0,,
female_2,0.20129345189975748,249.0,1237.0,,
male,0.22118742724097787,570.0,2577.0,,
female,0.21777950310559005,561.0,2576.0,,
Group 1,0.2374020156774916,636,2679,0.008781336038255316,male
Group 2,0.20008084074373483,495,2474,0.0024252223120452554,female
Total,0.21948379584707936,1131,5153,0.0034079241353878187,male
