,accuracy,correct,count,Accuracy Parity,Accuracy Parity Class
male_1,0.08582089552238806,115.0,1340.0,,
male_2,0.08164915117219078,101.0,1237.0,,
female_1,0.08289768483943241,111.0,1339.0,,
female_2,0.09862570735650768,122.0,1237.0,,
male,0.08381839348079162,216.0,2577.0,,
female,0.09045031055900621,233.0,2576.0,,
Group 1,0.0843598357596118,226,2679,0.002923210682955646,male
Group 2,0.09013742926434923,223,2474,0.0169765561843169,female
Total,0.08713370851930914,449,5153,0.006631917078214589,female
