,accuracy,correct,count
male_1,0.3711340206185567,108.0,291.0
male_2,0.5121107266435986,148.0,289.0
female_1,0.4879725085910653,142.0,291.0
female_2,0.2698961937716263,78.0,289.0
