,accuracy,correct,count,Accuracy Parity,Accuracy Parity Class
male_1,0.16605744125326372,318.0,1915.0,,
male_2,0.1255205234979179,211.0,1681.0,,
female_1,0.19522912743251727,311.0,1593.0,,
female_2,0.174,261.0,1500.0,,
male,0.1471078976640712,529.0,3596.0,,
female,0.18493372130617525,572.0,3093.0,,
Group 1,0.17930444697833522,629,3508,0.02917168617925356,female
Group 2,0.14838101226029551,472,3181,0.04847947650208209,female
Total,0.1645985947077291,1101,6689,0.037825823642104045,female
