,accuracy,correct,count,Accuracy Parity,Accuracy Parity Class
male_1,0.1708955223880597,229.0,1340.0,,
male_2,0.3080032336297494,381.0,1237.0,,
female_1,0.2905153099327857,389.0,1339.0,,
female_2,0.15844785772029102,196.0,1237.0,,
male,0.236709351959643,610.0,2577.0,,
female,0.22709627329192547,585.0,2576.0,,
Group 1,0.23068309070548712,618,2679,0.11961978754472599,female
Group 2,0.2332255456750202,577,2474,0.1495553759094584,male
Total,0.23190374539103434,1195,5153,0.009613078667717517,male
