,accuracy,correct,count,Accuracy Parity,Accuracy Parity Class
male_1,0.30223880597014924,405.0,1340.0,,
male_2,0.16814874696847212,208.0,1237.0,,
female_1,0.16056758775205376,215.0,1339.0,,
female_2,0.2974939369442199,368.0,1237.0,,
male,0.23787349631354288,613.0,2577.0,,
female,0.2263198757763975,583.0,2576.0,,
Group 1,0.23142963792459872,620,2679,0.14167121821809547,male
Group 2,0.232821341956346,576,2474,0.12934518997574776,female
Total,0.23209780710265865,1196,5153,0.01155362053714537,male
