,accuracy,correct,count,Accuracy Parity,Accuracy Parity Class
male_1,0.2783582089552239,373.0,1340.0,,
male_2,0.16653193209377526,206.0,1237.0,,
female_1,0.19716206123973115,264.0,1339.0,,
female_2,0.28940986257073564,358.0,1237.0,,
male,0.22467986030267753,579.0,2577.0,,
female,0.24145962732919254,622.0,2576.0,,
Group 1,0.23777528928704741,637,2679,0.08119614771549274,male
Group 2,0.22797089733225545,564,2474,0.12287793047696038,female
Total,0.23306811566078012,1201,5153,0.016779767026515013,female
