,accuracy,correct,count,Accuracy Parity,Accuracy Parity Class
male_1,0.22448979591836735,77.0,343.0,,
male_2,0.28106508875739644,95.0,338.0,,
female_1,0.23469387755102042,69.0,294.0,,
female_2,0.31875,102.0,320.0,,
male,0.2525697503671072,172.0,681.0,,
female,0.2785016286644951,171.0,614.0,,
Group 1,0.22919937205651492,146,637,0.010204081632653073,female
Group 2,0.2993920972644377,197,658,0.037684911242603536,female
Total,0.2648648648648649,343,1295,0.02593187829738791,female
