,accuracy,correct,count,Accuracy Parity,Accuracy Parity Class
male_1,0.44329896907216493,129.0,291.0,,
male_2,0.45674740484429066,132.0,289.0,,
female_1,0.4329896907216495,126.0,291.0,,
female_2,0.4117647058823529,119.0,289.0,,
male,0.45,261.0,580.0,,
female,0.4224137931034483,245.0,580.0,,
Group 1,0.4381443298969072,255,582,0.010309278350515427,male
Group 2,0.4342560553633218,251,578,0.04498269896193774,male
Total,0.4362068965517241,506,1160,0.027586206896551724,male
