,accuracy,correct,count,Accuracy Parity,Accuracy Parity Class
male_1,0.1917910447761194,257.0,1340.0,,
male_2,0.21018593371059013,260.0,1237.0,,
female_1,0.19790888722927558,265.0,1339.0,,
female_2,0.21665319320937754,268.0,1237.0,,
male,0.20062087698874662,517.0,2577.0,,
female,0.20690993788819875,533.0,2576.0,,
Group 1,0.1948488241881299,522,2679,0.006117842453156164,female
Group 2,0.21341956345998384,528,2474,0.006467259498787403,female
Total,0.20376479720551136,1050,5153,0.006289060899452137,female
