,accuracy,correct,count,Accuracy Parity,Accuracy Parity Class
male_1,0.40816326530612246,140.0,343.0,,
male_2,0.4260355029585799,144.0,338.0,,
female_1,0.3979591836734694,117.0,294.0,,
female_2,0.471875,151.0,320.0,,
male,0.4170337738619677,284.0,681.0,,
female,0.4364820846905538,268.0,614.0,,
Group 1,0.40345368916797486,257,637,0.010204081632653073,male
Group 2,0.44832826747720367,295,658,0.045839497041420096,female
Total,0.42625482625482625,552,1295,0.019448310828586057,female
