,accuracy,correct,count,Accuracy Parity,Accuracy Parity Class
male_1,0.0,0.0,291.0,,
male_2,0.21453287197231835,62.0,289.0,,
female_1,0.0,0.0,291.0,,
female_2,0.2422145328719723,70.0,289.0,,
male,0.10689655172413794,62.0,580.0,,
female,0.1206896551724138,70.0,580.0,,
Group 1,0.0,0,582,0.0,female
Group 2,0.22837370242214533,132,578,0.02768166089965396,female
Total,0.11379310344827587,132,1160,0.013793103448275862,female
