,accuracy,correct,count,Accuracy Parity,Accuracy Parity Class
male_1,0.3246268656716418,435.0,1340.0,,
male_2,0.16248989490703314,201.0,1237.0,,
female_1,0.17102315160567588,229.0,1339.0,,
female_2,0.3257881972514147,403.0,1237.0,,
male,0.2467986030267753,636.0,2577.0,,
female,0.2453416149068323,632.0,2576.0,,
Group 1,0.24785367674505412,664,2679,0.1536037140659659,male
Group 2,0.24413904607922393,604,2474,0.16329830234438159,female
Total,0.246070250339608,1268,5153,0.0014569881199430201,male
