,accuracy,correct,count,Accuracy Parity,Accuracy Parity Class
male_1,0.16791044776119404,225.0,1340.0,,
male_2,0.30315278900565884,375.0,1237.0,,
female_1,0.292755787901419,392.0,1339.0,,
female_2,0.13985448666127728,173.0,1237.0,,
male,0.23282887077997672,600.0,2577.0,,
female,0.21933229813664595,565.0,2576.0,,
Group 1,0.23030981709593132,617,2679,0.12484534014022494,female
Group 2,0.22150363783346808,548,2474,0.16329830234438156,male
Total,0.22608189404230544,1165,5153,0.013496572643330762,male
