,accuracy,correct,count
male_1,0.6929392446633826,422.0,609.0
male_2,0.796923076923077,259.0,325.0
female_1,0.7783251231527094,474.0,609.0
female_2,0.7415384615384616,241.0,325.0
