,accuracy,correct,count,Accuracy Parity,Accuracy Parity Class
male_1,0.10652920962199312,31.0,291.0,,
male_2,0.14186851211072665,41.0,289.0,,
female_1,0.09278350515463918,27.0,291.0,,
female_2,0.1314878892733564,38.0,289.0,,
male,0.12413793103448276,72.0,580.0,,
female,0.11206896551724138,65.0,580.0,,
Group 1,0.09965635738831616,58,582,0.013745704467353945,male
Group 2,0.13667820069204153,79,578,0.010380622837370262,male
Total,0.11810344827586207,137,1160,0.012068965517241376,male
