,accuracy,correct,count,Accuracy Parity,Accuracy Parity Class
male_1,0.46355685131195334,159.0,343.0,,
male_2,0.4437869822485207,150.0,338.0,,
female_1,0.46258503401360546,136.0,294.0,,
female_2,0.45625,146.0,320.0,,
male,0.45374449339207046,309.0,681.0,,
female,0.4592833876221498,282.0,614.0,,
Group 1,0.4631083202511774,295,637,0.0009718172983478879,male
Group 2,0.44984802431610943,296,658,0.012463017751479288,female
Total,0.4563706563706564,591,1295,0.005538894230079361,female
