,accuracy,correct,count
male_1,0.45017182130584193,131.0,291.0
male_2,0.3079584775086505,89.0,289.0
female_1,0.30927835051546393,90.0,291.0
female_2,0.47058823529411764,136.0,289.0
