,accuracy,correct,count,Accuracy Parity,Accuracy Parity Class
male_1,0.1880597014925373,252.0,1340.0,,
male_2,0.14793856103476152,183.0,1237.0,,
female_1,0.23674383868558627,317.0,1339.0,,
female_2,0.12045270816491511,149.0,1237.0,,
male,0.16880093131548313,435.0,2577.0,,
female,0.18090062111801242,466.0,2576.0,,
Group 1,0.2123926838372527,569,2679,0.048684137193048954,female
Group 2,0.13419563459983833,332,2474,0.02748585286984641,male
Total,0.17484960217349116,901,5153,0.01209968980252929,female
