,accuracy,correct,count,Accuracy Parity,Accuracy Parity Class
male_1,0.45481049562682213,156.0,343.0,,
male_2,0.4911242603550296,166.0,338.0,,
female_1,0.46258503401360546,136.0,294.0,,
female_2,0.471875,151.0,320.0,,
male,0.47283406754772395,322.0,681.0,,
female,0.46742671009771986,287.0,614.0,,
Group 1,0.45839874411302983,292,637,0.007774538386783325,female
Group 2,0.4817629179331307,317,658,0.019249260355029607,male
Total,0.4702702702702703,609,1295,0.005407357450004091,male
