,accuracy,correct,count,Accuracy Parity,Accuracy Parity Class
male_1,0.30927835051546393,90.0,291.0,,
male_2,0.4429065743944637,128.0,289.0,,
female_1,0.41580756013745707,121.0,291.0,,
female_2,0.2491349480968858,72.0,289.0,,
male,0.3758620689655172,218.0,580.0,,
female,0.33275862068965517,193.0,580.0,,
Group 1,0.36254295532646047,211,582,0.10652920962199314,female
Group 2,0.3460207612456747,200,578,0.19377162629757788,male
Total,0.3543103448275862,411,1160,0.043103448275862044,male
