,accuracy,correct,count,Accuracy Parity,Accuracy Parity Class
male_1,0.29553264604810997,86.0,291.0,,
male_2,0.4671280276816609,135.0,289.0,,
female_1,0.45017182130584193,131.0,291.0,,
female_2,0.22491349480968859,65.0,289.0,,
male,0.3810344827586207,221.0,580.0,,
female,0.33793103448275863,196.0,580.0,,
Group 1,0.37285223367697595,217,582,0.15463917525773196,female
Group 2,0.3460207612456747,200,578,0.2422145328719723,male
Total,0.3594827586206897,417,1160,0.043103448275862044,male
