,accuracy,correct,count,Accuracy Parity,Accuracy Parity Class
male_1,0.4742268041237113,138.0,291.0,,
male_2,0.2768166089965398,80.0,289.0,,
female_1,0.28865979381443296,84.0,291.0,,
female_2,0.4429065743944637,128.0,289.0,,
male,0.3758620689655172,218.0,580.0,,
female,0.36551724137931035,212.0,580.0,,
Group 1,0.38144329896907214,222,582,0.18556701030927836,male
Group 2,0.35986159169550175,208,578,0.16608996539792387,female
Total,0.3706896551724138,430,1160,0.010344827586206862,male
