,accuracy,correct,count,Accuracy Parity,Accuracy Parity Class
male_1,0.43440233236151604,149.0,343.0,,
male_2,0.4378698224852071,148.0,338.0,,
female_1,0.391156462585034,115.0,294.0,,
female_2,0.434375,139.0,320.0,,
male,0.43612334801762115,297.0,681.0,,
female,0.41368078175895767,254.0,614.0,,
Group 1,0.41444270015698587,264,637,0.04324586977648204,male
Group 2,0.43617021276595747,287,658,0.0034948224852071053,male
Total,0.4254826254826255,551,1295,0.022442566258663477,male
