,accuracy,correct,count,Accuracy Parity,Accuracy Parity Class,Per Class Accuracy Parity,Male Parity Top 3 Classes,Female Parity Top 3 Classes
male_1,0.30269058295964124,405.0,1338.0,,,,,
male_2,0.2524271844660194,312.0,1236.0,,,,,
female_1,0.3116591928251121,417.0,1338.0,,,,,
female_2,0.2977346278317152,368.0,1236.0,,,,,
male,0.27855477855477856,717.0,2574.0,,,,,
female,0.304972804972805,785.0,2574.0,,,,,
Group 1,0.3071748878923767,822,2676,0.008968609865470878,female,0.13669008004379513,,
Group 2,0.2750809061488673,680,2472,0.04530744336569581,female,0.1537101906521411,,
Total,0.29176379176379175,1502,5148,0.02641802641802643,female,0.1452001353479681,"raking (0.6000000000000001), autographing (0.5), frying (0.4444444444444444)","sneezing (-0.6363636363636364), shrugging (-0.6153846153846154), buckling (-0.5555555555555556)"
