,accuracy,correct,count,Accuracy Parity,Accuracy Parity Class
male_1,0.4879725085910653,142.0,291.0,,
male_2,0.314878892733564,91.0,289.0,,
female_1,0.2920962199312715,85.0,291.0,,
female_2,0.5294117647058824,153.0,289.0,,
male,0.4017241379310345,233.0,580.0,,
female,0.4103448275862069,238.0,580.0,,
Group 1,0.3900343642611684,227,582,0.19587628865979378,male
Group 2,0.42214532871972316,244,578,0.21453287197231835,female
Total,0.4060344827586207,471,1160,0.008620689655172376,female
