,accuracy,correct,count,Accuracy Parity,Accuracy Parity Class
male_1,0.2544776119402985,341.0,1340.0,,
male_2,0.12126111560226355,150.0,1237.0,,
female_1,0.13741598207617625,184.0,1339.0,,
female_2,0.23848019401778497,295.0,1237.0,,
male,0.19053162592161427,491.0,2577.0,,
female,0.1859472049689441,479.0,2576.0,,
Group 1,0.1959686450167973,525,2679,0.11706162986412225,male
Group 2,0.17987065481002426,445,2474,0.11721907841552143,female
Total,0.18823986027556763,970,5153,0.004584420952670171,male
