,accuracy,correct,count,Accuracy Parity,Accuracy Parity Class
male_1,0.33676975945017185,98.0,291.0,,
male_2,0.5259515570934256,152.0,289.0,,
female_1,0.46735395189003437,136.0,291.0,,
female_2,0.25951557093425603,75.0,289.0,,
male,0.43103448275862066,250.0,580.0,,
female,0.36379310344827587,211.0,580.0,,
Group 1,0.4020618556701031,234,582,0.13058419243986252,female
Group 2,0.39273356401384085,227,578,0.2664359861591695,male
Total,0.39741379310344827,461,1160,0.0672413793103448,male
