,accuracy,correct,count,Accuracy Parity,Accuracy Parity Class
male_1,0.3470790378006873,101.0,291.0,,
male_2,0.5051903114186851,146.0,289.0,,
female_1,0.44329896907216493,129.0,291.0,,
female_2,0.31141868512110726,90.0,289.0,,
male,0.42586206896551726,247.0,580.0,,
female,0.3775862068965517,219.0,580.0,,
Group 1,0.3951890034364261,230,582,0.09621993127147765,female
Group 2,0.4083044982698962,236,578,0.19377162629757783,male
Total,0.4017241379310345,466,1160,0.04827586206896556,male
