,accuracy,correct,count,Accuracy Parity,Accuracy Parity Class
male_1,0.35738831615120276,104.0,291.0,,
male_2,0.39792387543252594,115.0,289.0,,
female_1,0.3642611683848797,106.0,291.0,,
female_2,0.30103806228373703,87.0,289.0,,
male,0.3775862068965517,219.0,580.0,,
female,0.33275862068965517,193.0,580.0,,
Group 1,0.36082474226804123,210,582,0.0068728522336769515,female
Group 2,0.3494809688581315,202,578,0.09688581314878891,male
Total,0.35517241379310344,412,1160,0.04482758620689653,male
