,accuracy,correct,count,Accuracy Parity,Accuracy Parity Class
male_1,0.45481049562682213,156.0,343.0,,
male_2,0.4940828402366864,167.0,338.0,,
female_1,0.43537414965986393,128.0,294.0,,
female_2,0.45,144.0,320.0,,
male,0.47430249632892807,323.0,681.0,,
female,0.44299674267100975,272.0,614.0,,
Group 1,0.44583987441130296,284,637,0.0194363459669582,male
Group 2,0.4726443768996961,311,658,0.044082840236686405,male
Total,0.4594594594594595,595,1295,0.03130575365791832,male
