,accuracy,correct,count,Accuracy Parity,Accuracy Parity Class,Per Class Accuracy Parity,Male Parity Top 3 Classes,Female Parity Top 3 Classes
male_1,0.3044386422976501,583.0,1915.0,,,,,
male_2,0.25223081499107675,424.0,1681.0,,,,,
female_1,0.3214061519146265,512.0,1593.0,,,,,
female_2,0.30533333333333335,458.0,1500.0,,,,,
male,0.2800333704115684,1007.0,3596.0,,,,,
female,0.31361138053669574,970.0,3093.0,,,,,
Group 1,0.3121436716077537,1095,3508,0.016967509616976406,female,0.13981224186910418,,
Group 2,0.2772712983338573,882,3181,0.0531025183422566,female,0.1272123211278453,,
Total,0.2955598744206907,1977,6689,0.033578010125127344,female,0.13351228149847472,"lathering (0.5050505050505051), raking (0.45), browsing (0.3928571428571429)","buckling (-0.5777777777777778), combing (-0.48148148148148145), pumping (-0.4652777777777778)"
