,accuracy,correct,count,Accuracy Parity,Accuracy Parity Class
male_1,0.41924398625429554,122.0,291.0,,
male_2,0.4359861591695502,126.0,289.0,,
female_1,0.43986254295532645,128.0,291.0,,
female_2,0.4013840830449827,116.0,289.0,,
male,0.42758620689655175,248.0,580.0,,
female,0.4206896551724138,244.0,580.0,,
Group 1,0.42955326460481097,250,582,0.02061855670103091,female
Group 2,0.4186851211072664,242,578,0.034602076124567505,male
Total,0.4241379310344828,492,1160,0.006896551724137945,male
