,accuracy,correct,count,Accuracy Parity,Accuracy Parity Class
male_1,0.4314868804664723,148.0,343.0,,
male_2,0.4349112426035503,147.0,338.0,,
female_1,0.43197278911564624,127.0,294.0,,
female_2,0.421875,135.0,320.0,,
male,0.4331864904552129,295.0,681.0,,
female,0.42671009771986973,262.0,614.0,,
Group 1,0.4317111459968603,275,637,0.0004859086491739162,female
Group 2,0.42857142857142855,282,658,0.013036242603550297,male
Total,0.4301158301158301,557,1295,0.006476392735343173,male
