,accuracy,correct,count,Accuracy Parity,Accuracy Parity Class
male_1,0.28059701492537314,376.0,1340.0,,
male_2,0.26192400970088925,324.0,1237.0,,
female_1,0.292755787901419,392.0,1339.0,,
female_2,0.2570735650767987,318.0,1237.0,,
male,0.2716336825766395,700.0,2577.0,,
female,0.27562111801242234,710.0,2576.0,,
Group 1,0.2866741321388578,768,2679,0.01215877297604584,female
Group 2,0.25949878738884397,642,2474,0.004850444624090566,male
Total,0.2736270133902581,1410,5153,0.003987435435782838,female
