,accuracy,correct,count,Accuracy Parity,Accuracy Parity Class
male_1,0.15895522388059702,213.0,1340.0,,
male_2,0.19967663702506064,247.0,1237.0,,
female_1,0.23823749066467514,319.0,1339.0,,
female_2,0.13096200485044462,162.0,1237.0,,
male,0.1785021342646488,460.0,2577.0,,
female,0.18672360248447206,481.0,2576.0,,
Group 1,0.19858156028368795,532,2679,0.07928226678407813,female
Group 2,0.16531932093775262,409,2474,0.06871463217461601,male
Total,0.18261207063846302,941,5153,0.008221468219823252,female
