,accuracy,correct,count,Accuracy Parity,Accuracy Parity Class
male_1,0.3,402.0,1340.0,,
male_2,0.16410670978173,203.0,1237.0,,
female_1,0.15982076176250934,214.0,1339.0,,
female_2,0.3055780113177041,378.0,1237.0,,
male,0.23476911136980985,605.0,2577.0,,
female,0.22981366459627328,592.0,2576.0,,
Group 1,0.22993654348637552,616,2679,0.14017923823749065,male
Group 2,0.23484236054971705,581,2474,0.14147130153597412,female
Total,0.23229186881428293,1197,5153,0.00495544677353657,male
