,accuracy,correct,count,Accuracy Parity,Accuracy Parity Class
male_1,0.1472584856396867,282.0,1915.0,,
male_2,0.12314098750743604,207.0,1681.0,,
female_1,0.17074701820464533,272.0,1593.0,,
female_2,0.166,249.0,1500.0,,
male,0.13598442714126807,489.0,3596.0,,
female,0.1684448755253799,521.0,3093.0,,
Group 1,0.15792474344355759,554,3508,0.023488532564958642,female
Group 2,0.1433511474379126,456,3181,0.042859012492563964,female
Total,0.15099416953206757,1010,6689,0.03246044838411183,female
