,accuracy,correct,count,Accuracy Parity,Accuracy Parity Class
male_1,0.5017182130584192,146.0,291.0,,
male_2,0.2768166089965398,80.0,289.0,,
female_1,0.28865979381443296,84.0,291.0,,
female_2,0.4913494809688581,142.0,289.0,,
male,0.3896551724137931,226.0,580.0,,
female,0.3896551724137931,226.0,580.0,,
Group 1,0.3951890034364261,230,582,0.21305841924398627,male
Group 2,0.38408304498269896,222,578,0.2145328719723183,female
Total,0.3896551724137931,452,1160,0.0,female
