,accuracy,correct,count,Accuracy Parity,Accuracy Parity Class
male_1,0.2082089552238806,279.0,1340.0,,
male_2,0.3152789005658852,390.0,1237.0,,
female_1,0.3181478715459298,426.0,1339.0,,
female_2,0.17219078415521422,213.0,1237.0,,
male,0.259604190919674,669.0,2577.0,,
female,0.24805900621118013,639.0,2576.0,,
Group 1,0.2631578947368421,705,2679,0.10993891632204916,female
Group 2,0.2437348423605497,603,2474,0.14308811641067098,male
Total,0.25383271880457986,1308,5153,0.011545184708493889,male
