,accuracy,correct,count,Accuracy Parity,Accuracy Parity Class
male_1,0.35738831615120276,104.0,291.0,,
male_2,0.3633217993079585,105.0,289.0,,
female_1,0.3711340206185567,108.0,291.0,,
female_2,0.33217993079584773,96.0,289.0,,
male,0.3603448275862069,209.0,580.0,,
female,0.35172413793103446,204.0,580.0,,
Group 1,0.3642611683848797,212,582,0.013745704467353959,female
Group 2,0.3477508650519031,201,578,0.03114186851211076,male
Total,0.3560344827586207,413,1160,0.008620689655172431,male
