,accuracy,correct,count,Accuracy Parity,Accuracy Parity Class
male_1,0.28507462686567164,382.0,1340.0,,
male_2,0.1713823767178658,212.0,1237.0,,
female_1,0.169529499626587,227.0,1339.0,,
female_2,0.2902182700080841,359.0,1237.0,,
male,0.23050058207217694,594.0,2577.0,,
female,0.22748447204968944,586.0,2576.0,,
Group 1,0.22732362821948487,609,2679,0.11554512723908464,male
Group 2,0.23080032336297493,571,2474,0.11883589329021829,female
Total,0.2289928197166699,1180,5153,0.0030161100224875004,male
