,accuracy,correct,count,Accuracy Parity,Accuracy Parity Class,Per Class Accuracy Parity,Male Parity Top 3 Classes,Female Parity Top 3 Classes
male_1,0.38283582089552237,513.0,1340.0,,,,,
male_2,0.3468067906224737,429.0,1237.0,,,,,
female_1,0.38685586258401794,518.0,1339.0,,,,,
female_2,0.34438156831042843,426.0,1237.0,,,,,
male,0.36554132712456344,942.0,2577.0,,,,,
female,0.36645962732919257,944.0,2576.0,,,,,
Group 1,0.3848450914520343,1031,2679,0.004020041688495568,female,0.11564323043657404,,
Group 2,0.3455941794664511,855,2474,0.002425222312045283,male,0.15925351965715742,,
Total,0.3660003881234232,1886,5153,0.00091830020462913,female,0.13744837504686563,"wrinkling (0.7), wringing (0.4444444444444444), ignoring (0.4)","climbing (-0.5454545454545454), pouting (-0.45454545454545453), stripping (-0.42857142857142855)"
