,accuracy,correct,count,Accuracy Parity,Accuracy Parity Class,Per Class Accuracy Parity,Male Parity Top 3 Classes,Female Parity Top 3 Classes
male_1,0.29970104633781763,401.0,1338.0,,,,,
male_2,0.26779935275080907,331.0,1236.0,,,,,
female_1,0.3109118086696562,416.0,1338.0,,,,,
female_2,0.2953074433656958,365.0,1236.0,,,,,
male,0.28438228438228436,732.0,2574.0,,,,,
female,0.3034188034188034,781.0,2574.0,,,,,
Group 1,0.30530642750373693,817,2676,0.011210762331838542,female,0.1423395302667748,,
Group 2,0.2815533980582524,696,2472,0.027508090614886738,female,0.14542864965272076,,
Total,0.2939005439005439,1513,5148,0.01903651903651904,female,0.14388408995974783,"lathering (0.6666666666666666), buttoning (0.5), speaking (0.5)","strapping (-0.6), pumping (-0.5555555555555556), sneezing (-0.5454545454545454)"
