,accuracy,correct,count,Accuracy Parity,Accuracy Parity Class
male_1,0.44673539518900346,130.0,291.0,,
male_2,0.44982698961937717,130.0,289.0,,
female_1,0.4329896907216495,126.0,291.0,,
female_2,0.4083044982698962,118.0,289.0,,
male,0.4482758620689655,260.0,580.0,,
female,0.4206896551724138,244.0,580.0,,
Group 1,0.43986254295532645,256,582,0.013745704467353959,male
Group 2,0.4290657439446367,248,578,0.041522491349480994,male
Total,0.43448275862068964,504,1160,0.027586206896551724,male
