,accuracy,correct,count,Accuracy Parity,Accuracy Parity Class
male_1,0.45017182130584193,131.0,291.0,,
male_2,0.4429065743944637,128.0,289.0,,
female_1,0.422680412371134,123.0,291.0,,
female_2,0.42560553633217996,123.0,289.0,,
male,0.44655172413793104,259.0,580.0,,
female,0.4241379310344828,246.0,580.0,,
Group 1,0.436426116838488,254,582,0.027491408934707917,male
Group 2,0.4342560553633218,251,578,0.017301038062283725,male
Total,0.4353448275862069,505,1160,0.022413793103448265,male
