,accuracy,correct,count,Accuracy Parity,Accuracy Parity Class
male_1,0.2701492537313433,362.0,1340.0,,
male_2,0.2514147130153597,311.0,1237.0,,
female_1,0.28005974607916356,375.0,1339.0,,
female_2,0.2562651576394503,317.0,1237.0,,
male,0.26115638339154057,673.0,2577.0,,
female,0.2686335403726708,692.0,2576.0,,
Group 1,0.27510265024262787,737,2679,0.009910492347820266,female
Group 2,0.253839935327405,628,2474,0.004850444624090566,female
Total,0.26489423636716475,1365,5153,0.007477156981130217,female
