,accuracy,correct,count,Accuracy Parity,Accuracy Parity Class,Per Class Accuracy Parity,Male Parity Top 3 Classes,Female Parity Top 3 Classes
male_1,0.30809399477806787,590.0,1915.0,,,,,
male_2,0.2587745389649018,435.0,1681.0,,,,,
female_1,0.32893910860012554,524.0,1593.0,,,,,
female_2,0.30733333333333335,461.0,1500.0,,,,,
male,0.2850389321468298,1025.0,3596.0,,,,,
female,0.3184610410604591,985.0,3093.0,,,,,
Group 1,0.31755986316989737,1114,3508,0.02084511382205767,female,0.13627078283749383,,
Group 2,0.28167243005344234,896,3181,0.048558794368431524,female,0.13956237932495555,,
Total,0.30049334728658994,2010,6689,0.03342210891362929,female,0.1379165810812248,"autographing (0.45000000000000007), browsing (0.3928571428571429), hoeing (0.3819444444444444)","strapping (-0.6), buckling (-0.5666666666666667), combing (-0.4444444444444445)"
