,accuracy,correct,count,Accuracy Parity,Accuracy Parity Class
male_1,0.3539518900343643,103.0,291.0,,
male_2,0.35294117647058826,102.0,289.0,,
female_1,0.38831615120274915,113.0,291.0,,
female_2,0.3356401384083045,97.0,289.0,,
male,0.35344827586206895,205.0,580.0,,
female,0.3620689655172414,210.0,580.0,,
Group 1,0.3711340206185567,216,582,0.03436426116838487,female
Group 2,0.34429065743944637,199,578,0.01730103806228378,male
Total,0.3577586206896552,415,1160,0.008620689655172431,female
