,accuracy,correct,count,Accuracy Parity,Accuracy Parity Class
male_1,0.0,0.0,291.0,,
male_2,0.21107266435986158,61.0,289.0,,
female_1,0.0,0.0,291.0,,
female_2,0.23529411764705882,68.0,289.0,,
male,0.10517241379310345,61.0,580.0,,
female,0.11724137931034483,68.0,580.0,,
Group 1,0.0,0,582,0.0,female
Group 2,0.2231833910034602,129,578,0.024221453287197242,female
Total,0.11120689655172414,129,1160,0.012068965517241376,female
