,accuracy,correct,count,Accuracy Parity,Accuracy Parity Class,Per Class Accuracy Parity,Male Parity Top 3 Classes,Female Parity Top 3 Classes
male_1,0.3798507462686567,509.0,1340.0,,,,,
male_2,0.3565076798706548,441.0,1237.0,,,,,
female_1,0.38088125466766243,510.0,1339.0,,,,,
female_2,0.35408245755860956,438.0,1237.0,,,,,
male,0.3686457120682965,950.0,2577.0,,,,,
female,0.36801242236024845,948.0,2576.0,,,,,
Group 1,0.3803658081373647,1019,2679,0.001030508399005703,female,0.12190478424224549,,
Group 2,0.3552950687146322,879,2474,0.0024252223120452276,male,0.14680977892936092,,
Total,0.3683291286629148,1898,5153,0.000633289708048046,male,0.1343572815858032,"wrinkling (0.6000000000000001), potting (0.5), standing (0.38461538461538464)","climbing (-0.45454545454545453), pouting (-0.4545454545454545), running (-0.39999999999999997)"
