,accuracy,correct,count,Accuracy Parity,Accuracy Parity Class
male_1,0.25221932114882506,483.0,1915.0,,
male_2,0.20226055919095776,340.0,1681.0,,
female_1,0.2391713747645951,381.0,1593.0,,
female_2,0.24533333333333332,368.0,1500.0,,
male,0.22886540600667407,823.0,3596.0,,
female,0.2421597154865826,749.0,3093.0,,
Group 1,0.24629418472063855,864,3508,0.013047946384229958,male
Group 2,0.22257151839044326,708,3181,0.043072774142375564,female
Total,0.23501270743010913,1572,6689,0.013294309479908534,female
