,accuracy,correct,count,Accuracy Parity,Accuracy Parity Class
male_1,0.2852233676975945,83.0,291.0,,
male_2,0.5190311418685121,150.0,289.0,,
female_1,0.49140893470790376,143.0,291.0,,
female_2,0.23875432525951557,69.0,289.0,,
male,0.4017241379310345,233.0,580.0,,
female,0.36551724137931035,212.0,580.0,,
Group 1,0.38831615120274915,226,582,0.20618556701030927,female
Group 2,0.3788927335640138,219,578,0.2802768166089965,male
Total,0.38362068965517243,445,1160,0.036206896551724155,male
