,accuracy,correct,count,Accuracy Parity,Accuracy Parity Class
male_1,0.14029850746268657,188.0,1340.0,,
male_2,0.23524656426839127,291.0,1237.0,,
female_1,0.2524271844660194,338.0,1339.0,,
female_2,0.11398544866612773,141.0,1237.0,,
male,0.18587504850601475,479.0,2577.0,,
female,0.1859472049689441,479.0,2576.0,,
Group 1,0.1963419186263531,526,2679,0.11212867700333284,female
Group 2,0.1746160064672595,432,2474,0.12126111560226355,male
Total,0.18591111973607607,958,5153,7.21564629293514e-05,female
