,accuracy,correct,count,Accuracy Parity,Accuracy Parity Class,Per Class Accuracy Parity,Male Parity Top 3 Classes,Female Parity Top 3 Classes
male_1,0.30194319880418535,404.0,1338.0,,,,,
male_2,0.2540453074433657,314.0,1236.0,,,,,
female_1,0.30269058295964124,405.0,1338.0,,,,,
female_2,0.28883495145631066,357.0,1236.0,,,,,
male,0.2789432789432789,718.0,2574.0,,,,,
female,0.29603729603729606,762.0,2574.0,,,,,
Group 1,0.3023168908819133,809,2676,0.000747384155455888,female,0.15153443159867303,,
Group 2,0.2714401294498382,671,2472,0.03478964401294499,female,0.1485701717443203,,
Total,0.2874902874902875,1480,5148,0.017094017094017144,female,0.1500523016714967,"potting (0.5), pasting (0.4444444444444445), frying (0.4444444444444444)","strapping (-0.6), pumping (-0.5555555555555556), sneezing (-0.5454545454545454)"
