,accuracy,correct,count,Accuracy Parity,Accuracy Parity Class
male_1,0.05154639175257732,15.0,291.0,,
male_2,0.1453287197231834,42.0,289.0,,
female_1,0.061855670103092786,18.0,291.0,,
female_2,0.15570934256055363,45.0,289.0,,
male,0.09827586206896552,57.0,580.0,,
female,0.10862068965517241,63.0,580.0,,
Group 1,0.05670103092783505,33,582,0.010309278350515469,female
Group 2,0.15051903114186851,87,578,0.010380622837370235,female
Total,0.10344827586206896,120,1160,0.01034482758620689,female
