,accuracy,correct,count,Accuracy Parity,Accuracy Parity Class
male_1,0.27835051546391754,81.0,291.0,,
male_2,0.38408304498269896,111.0,289.0,,
female_1,0.38831615120274915,113.0,291.0,,
female_2,0.18685121107266436,54.0,289.0,,
male,0.3310344827586207,192.0,580.0,,
female,0.28793103448275864,167.0,580.0,,
Group 1,0.3333333333333333,194,582,0.10996563573883161,female
Group 2,0.28546712802768165,165,578,0.1972318339100346,male
Total,0.30948275862068964,359,1160,0.043103448275862044,male
