,accuracy,correct,count,Accuracy Parity,Accuracy Parity Class
male_1,0.1958762886597938,57.0,291.0,,
male_2,0.21107266435986158,61.0,289.0,,
female_1,0.1134020618556701,33.0,291.0,,
female_2,0.31833910034602075,92.0,289.0,,
male,0.20344827586206896,118.0,580.0,,
female,0.21551724137931033,125.0,580.0,,
Group 1,0.15463917525773196,90,582,0.08247422680412371,male
Group 2,0.2647058823529412,153,578,0.10726643598615918,female
Total,0.20948275862068966,243,1160,0.012068965517241376,female
