,accuracy,correct,count,Accuracy Parity,Accuracy Parity Class
male_1,0.44673539518900346,130.0,291.0,,
male_2,0.45674740484429066,132.0,289.0,,
female_1,0.44673539518900346,130.0,291.0,,
female_2,0.4290657439446367,124.0,289.0,,
male,0.4517241379310345,262.0,580.0,,
female,0.4379310344827586,254.0,580.0,,
Group 1,0.44673539518900346,260,582,0.0,female
Group 2,0.4429065743944637,256,578,0.02768166089965396,male
Total,0.44482758620689655,516,1160,0.01379310344827589,male
