,accuracy,correct,count,Accuracy Parity,Accuracy Parity Class
male_1,0.10746268656716418,144.0,1340.0,,
male_2,0.09135004042037187,113.0,1237.0,,
female_1,0.11725168035847648,157.0,1339.0,,
female_2,0.11560226354082458,143.0,1237.0,,
male,0.09972836631742336,257.0,2577.0,,
female,0.11645962732919254,300.0,2576.0,,
Group 1,0.11235535647629713,301,2679,0.009788993791312303,female
Group 2,0.10347615198059822,256,2474,0.024252223120452707,female
Total,0.10809237337473317,557,5153,0.01673126101176918,female
