,accuracy,correct,count,Accuracy Parity,Accuracy Parity Class
male_1,0.4518950437317784,155.0,343.0,,
male_2,0.45857988165680474,155.0,338.0,,
female_1,0.41156462585034015,121.0,294.0,,
female_2,0.44375,142.0,320.0,,
male,0.4552129221732746,310.0,681.0,,
female,0.42833876221498374,263.0,614.0,,
Group 1,0.43328100470957615,276,637,0.04033041788143826,male
Group 2,0.4513677811550152,297,658,0.014829881656804766,male
Total,0.44247104247104246,573,1295,0.026874159958290844,male
