,accuracy,correct,count,Accuracy Parity,Accuracy Parity Class,Per Class Accuracy Parity,Male Parity Top 3 Classes,Female Parity Top 3 Classes
male_1,0.30055401662049863,434.0,1444.0,,,,,
male_2,0.2776923076923077,361.0,1300.0,,,,,
female_1,0.30438311688311687,375.0,1232.0,,,,,
female_2,0.3054607508532423,358.0,1172.0,,,,,
male,0.28972303206997085,795.0,2744.0,,,,,
female,0.30490848585690516,733.0,2404.0,,,,,
Group 1,0.3023168908819133,809,2676,0.0038291002626182347,female,0.1530463082813399,,
Group 2,0.29085760517799353,719,2472,0.02776844316093463,female,0.1308078981748722,,
Total,0.29681429681429683,1528,5148,0.015185453786934311,female,0.141927103228106,"lathering (0.6), counting (0.5), operating (0.4666666666666667)","distributing (-0.5), saluting (-0.5), combing (-0.42857142857142855)"
