,accuracy,correct,count,Accuracy Parity,Accuracy Parity Class
male_1,0.32238805970149254,432.0,1340.0,,
male_2,0.15198059822150364,188.0,1237.0,,
female_1,0.17027632561613143,228.0,1339.0,,
female_2,0.3128536782538399,387.0,1237.0,,
male,0.24058983313930926,620.0,2577.0,,
female,0.23874223602484473,615.0,2576.0,,
Group 1,0.24636058230683092,660,2679,0.1521117340853611,male
Group 2,0.2324171382376718,575,2474,0.16087308003233627,female
Total,0.2396662138560062,1235,5153,0.0018475971144645276,male
