,accuracy,correct,count,Accuracy Parity,Accuracy Parity Class
male_1,0.21194029850746268,284.0,1340.0,,
male_2,0.13096200485044462,162.0,1237.0,,
female_1,0.15758028379387604,211.0,1339.0,,
female_2,0.211802748585287,262.0,1237.0,,
male,0.17306946061311604,446.0,2577.0,,
female,0.18361801242236025,473.0,2576.0,,
Group 1,0.18477043673012317,495,2679,0.054360014713586646,male
Group 2,0.1713823767178658,424,2474,0.08084074373484237,female
Total,0.1783427129827285,919,5153,0.010548551809244217,female
