,accuracy,correct,count,Accuracy Parity,Accuracy Parity Class
male_1,0.4570446735395189,133.0,291.0,,
male_2,0.24567474048442905,71.0,289.0,,
female_1,0.2646048109965636,77.0,291.0,,
female_2,0.43252595155709345,125.0,289.0,,
male,0.35172413793103446,204.0,580.0,,
female,0.3482758620689655,202.0,580.0,,
Group 1,0.36082474226804123,210,582,0.1924398625429553,male
Group 2,0.3391003460207612,196,578,0.1868512110726644,female
Total,0.35,406,1160,0.0034482758620689724,male
