,accuracy,correct,count,Accuracy Parity,Accuracy Parity Class
male_1,0.18134328358208956,243.0,1340.0,,
male_2,0.29830234438156833,369.0,1237.0,,
female_1,0.2949962658700523,395.0,1339.0,,
female_2,0.16410670978173,203.0,1237.0,,
male,0.23748544819557627,612.0,2577.0,,
female,0.23214285714285715,598.0,2576.0,,
Group 1,0.23814856289660322,638,2679,0.11365298228796272,female
Group 2,0.23120452708164915,572,2474,0.13419563459983833,male
Total,0.2348146710653988,1210,5153,0.0053425910527191145,male
