,accuracy,correct,count,Accuracy Parity,Accuracy Parity Class
male_1,0.3127147766323024,91.0,291.0,,
male_2,0.5051903114186851,146.0,289.0,,
female_1,0.47079037800687284,137.0,291.0,,
female_2,0.2664359861591695,77.0,289.0,,
male,0.4086206896551724,237.0,580.0,,
female,0.3689655172413793,214.0,580.0,,
Group 1,0.3917525773195876,228,582,0.15807560137457044,female
Group 2,0.38581314878892736,223,578,0.23875432525951557,male
Total,0.3887931034482759,451,1160,0.03965517241379307,male
