,accuracy,correct,count,Accuracy Parity,Accuracy Parity Class
male_1,0.20970149253731343,281.0,1340.0,,
male_2,0.30072756669361356,372.0,1237.0,,
female_1,0.31366691560866317,420.0,1339.0,,
female_2,0.1746160064672595,216.0,1237.0,,
male,0.25339542103220797,653.0,2577.0,,
female,0.2468944099378882,636.0,2576.0,,
Group 1,0.2616648002986189,701,2679,0.10396542307134973,female
Group 2,0.23767178658043653,588,2474,0.12611156022635406,male
Total,0.2501455462837182,1289,5153,0.006501011094319775,male
