,accuracy,correct,count,Accuracy Parity,Accuracy Parity Class
male_1,0.5395189003436426,157.0,291.0,,
male_2,0.2560553633217993,74.0,289.0,,
female_1,0.29553264604810997,86.0,291.0,,
female_2,0.4740484429065744,137.0,289.0,,
male,0.39827586206896554,231.0,580.0,,
female,0.38448275862068965,223.0,580.0,,
Group 1,0.4175257731958763,243,582,0.2439862542955326,male
Group 2,0.36505190311418684,211,578,0.2179930795847751,female
Total,0.3913793103448276,454,1160,0.01379310344827589,male
