,accuracy,correct,count,Accuracy Parity,Accuracy Parity Class
male_1,0.3539518900343643,103.0,291.0,,
male_2,0.3875432525951557,112.0,289.0,,
female_1,0.33676975945017185,98.0,291.0,,
female_2,0.39100346020761245,113.0,289.0,,
male,0.3706896551724138,215.0,580.0,,
female,0.36379310344827587,211.0,580.0,,
Group 1,0.34536082474226804,201,582,0.017182130584192434,male
Group 2,0.3892733564013841,225,578,0.003460207612456745,female
Total,0.36724137931034484,426,1160,0.006896551724137945,male
