,accuracy,correct,count
male_1,0.40893470790378006,119.0,291.0
male_2,0.4186851211072664,121.0,289.0
female_1,0.41924398625429554,122.0,291.0
female_2,0.43944636678200694,127.0,289.0
