,accuracy,correct,count,Accuracy Parity,Accuracy Parity Class
male_1,0.29896907216494845,87.0,291.0,,
male_2,0.4602076124567474,133.0,289.0,,
female_1,0.422680412371134,123.0,291.0,,
female_2,0.20069204152249134,58.0,289.0,,
male,0.3793103448275862,220.0,580.0,,
female,0.3120689655172414,181.0,580.0,,
Group 1,0.36082474226804123,210,582,0.12371134020618557,female
Group 2,0.3304498269896194,191,578,0.25951557093425603,male
Total,0.3456896551724138,401,1160,0.0672413793103448,male
