,accuracy,correct,count,Accuracy Parity,Accuracy Parity Class
male_1,0.4110787172011662,141.0,343.0,,
male_2,0.4260355029585799,144.0,338.0,,
female_1,0.391156462585034,115.0,294.0,,
female_2,0.421875,135.0,320.0,,
male,0.4185022026431718,285.0,681.0,,
female,0.40716612377850164,250.0,614.0,,
Group 1,0.40188383045525905,256,637,0.019922254616132173,male
Group 2,0.42401215805471126,279,658,0.0041605029585798925,male
Total,0.41312741312741313,535,1295,0.01133607886467014,male
