,accuracy,correct,count,Accuracy Parity,Accuracy Parity Class
male_1,0.23059701492537313,309.0,1340.0,,
male_2,0.21422797089733225,265.0,1237.0,,
female_1,0.24869305451829724,333.0,1339.0,,
female_2,0.2231204527081649,276.0,1237.0,,
male,0.2227396197128444,574.0,2577.0,,
female,0.23641304347826086,609.0,2576.0,,
Group 1,0.23964165733482642,642,2679,0.018096039592924107,female
Group 2,0.2186742118027486,541,2474,0.008892481810832659,female
Total,0.22957500485154278,1183,5153,0.01367342376541647,female
