,accuracy,correct,count,Accuracy Parity,Accuracy Parity Class
male_1,0.33263707571801565,637.0,1915.0,,
male_2,0.27186198691255203,457.0,1681.0,,
female_1,0.3333333333333333,531.0,1593.0,,
female_2,0.31866666666666665,478.0,1500.0,,
male,0.3042269187986652,1094.0,3596.0,,
female,0.32622049789848045,1009.0,3093.0,,
Group 1,0.3329532497149373,1168,3508,0.0006962576153176636,female
Group 2,0.29393272555800065,935,3181,0.04680467975411462,female
Total,0.3143967708177605,2103,6689,0.021993579099815252,female
