,accuracy,correct,count,Accuracy Parity,Accuracy Parity Class
male_1,0.16044776119402984,215.0,1340.0,,
male_2,0.29345189975747776,363.0,1237.0,,
female_1,0.28454070201643017,381.0,1339.0,,
female_2,0.1438965238480194,178.0,1237.0,,
male,0.2242918121847109,578.0,2577.0,,
female,0.2170031055900621,559.0,2576.0,,
Group 1,0.22247107129525942,596,2679,0.12409294082240033,female
Group 2,0.2186742118027486,541,2474,0.14955537590945836,male
Total,0.22064816611682514,1137,5153,0.007288706594648781,male
