,accuracy,correct,count,Accuracy Parity,Accuracy Parity Class
male_1,0.33054830287206266,633.0,1915.0,,
male_2,0.2694824509220702,453.0,1681.0,,
female_1,0.30822347771500314,491.0,1593.0,,
female_2,0.316,474.0,1500.0,,
male,0.30200222469410454,1086.0,3596.0,,
female,0.3119948270287747,965.0,3093.0,,
Group 1,0.3204104903078677,1124,3508,0.022324825157059525,male
Group 2,0.29141779314680916,927,3181,0.04651754907792982,female
Total,0.30662281357452537,2051,6689,0.009992602334670142,female
