,accuracy,correct,count,Accuracy Parity,Accuracy Parity Class
male_1,0.10223880597014925,137.0,1340.0,,
male_2,0.09620048504446241,119.0,1237.0,,
female_1,0.1426437640029873,191.0,1339.0,,
female_2,0.09458367016976556,117.0,1237.0,,
male,0.09934031819945673,256.0,2577.0,,
female,0.11956521739130435,308.0,2576.0,,
Group 1,0.12243374393430384,328,2679,0.040404958032838056,female
Group 2,0.09539207760711399,236,2474,0.0016168148746968508,male
Total,0.10945080535610324,564,5153,0.020224899191847626,female
