,accuracy,correct,count,Accuracy Parity,Accuracy Parity Class
male_1,0.14402985074626865,193.0,1340.0,,
male_2,0.11156022635408246,138.0,1237.0,,
female_1,0.12471994025392083,167.0,1339.0,,
female_2,0.15683104284559418,194.0,1237.0,,
male,0.12844392704695382,331.0,2577.0,,
female,0.14013975155279504,361.0,2576.0,,
Group 1,0.1343784994400896,360,2679,0.019309910492347815,male
Group 2,0.13419563459983833,332,2474,0.045270816491511726,female
Total,0.1342907044440132,692,5153,0.011695824505841224,female
