,accuracy,correct,count,Accuracy Parity,Accuracy Parity Class
male_1,0.29896907216494845,87.0,291.0,,
male_2,0.49480968858131485,143.0,289.0,,
female_1,0.4948453608247423,144.0,291.0,,
female_2,0.22145328719723184,64.0,289.0,,
male,0.39655172413793105,230.0,580.0,,
female,0.3586206896551724,208.0,580.0,,
Group 1,0.39690721649484534,231,582,0.19587628865979384,female
Group 2,0.35813148788927335,207,578,0.273356401384083,male
Total,0.3775862068965517,438,1160,0.03793103448275864,male
