,accuracy,correct,count,Accuracy Parity,Accuracy Parity Class
male_1,0.46647230320699706,160.0,343.0,,
male_2,0.4940828402366864,167.0,338.0,,
female_1,0.43537414965986393,128.0,294.0,,
female_2,0.459375,147.0,320.0,,
male,0.4801762114537445,327.0,681.0,,
female,0.44788273615635177,275.0,614.0,,
Group 1,0.4521193092621664,288,637,0.031098153547133134,male
Group 2,0.47720364741641336,314,658,0.03470784023668644,male
Total,0.4648648648648649,602,1295,0.03229347529739274,male
