,accuracy,correct,count,Accuracy Parity,Accuracy Parity Class
male_1,0.2007462686567164,269.0,1340.0,,
male_2,0.31608730800323365,391.0,1237.0,,
female_1,0.3039581777445855,407.0,1339.0,,
female_2,0.16410670978173,203.0,1237.0,,
male,0.2561117578579744,660.0,2577.0,,
female,0.23680124223602483,610.0,2576.0,,
Group 1,0.2523329600597238,676,2679,0.10321190908786909,female
Group 2,0.2400970088924818,594,2474,0.15198059822150364,male
Total,0.2464583737628566,1270,5153,0.019310515621949575,male
