,accuracy,correct,count,Accuracy Parity,Accuracy Parity Class
male_1,0.24742268041237114,72.0,291.0,,
male_2,0.4463667820069204,129.0,289.0,,
female_1,0.45017182130584193,131.0,291.0,,
female_2,0.1903114186851211,55.0,289.0,,
male,0.34655172413793106,201.0,580.0,,
female,0.32068965517241377,186.0,580.0,,
Group 1,0.3487972508591065,203,582,0.2027491408934708,female
Group 2,0.31833910034602075,184,578,0.25605536332179935,male
Total,0.3336206896551724,387,1160,0.025862068965517293,male
