,accuracy,correct,count,Accuracy Parity,Accuracy Parity Class
male_1,0.46355685131195334,159.0,343.0,,
male_2,0.47928994082840237,162.0,338.0,,
female_1,0.445578231292517,131.0,294.0,,
female_2,0.45,144.0,320.0,,
male,0.4713656387665198,321.0,681.0,,
female,0.44788273615635177,275.0,614.0,,
Group 1,0.4552590266875981,290,637,0.017978620019436342,male
Group 2,0.46504559270516715,306,658,0.02928994082840236,male
Total,0.46023166023166023,596,1295,0.023482902610168055,male
