,accuracy,correct,count,Accuracy Parity,Accuracy Parity Class
male_1,0.4110787172011662,141.0,343.0,,
male_2,0.41124260355029585,139.0,338.0,,
female_1,0.391156462585034,115.0,294.0,,
female_2,0.415625,133.0,320.0,,
male,0.4111600587371512,280.0,681.0,,
female,0.40390879478827363,248.0,614.0,,
Group 1,0.40188383045525905,256,637,0.019922254616132173,male
Group 2,0.4133738601823708,272,658,0.004382396449704173,female
Total,0.40772200772200773,528,1295,0.007251263948877595,male
