,accuracy,correct,count
male_1,0.41237113402061853,120.0,291.0
male_2,0.43252595155709345,125.0,289.0
female_1,0.422680412371134,123.0,291.0
female_2,0.4463667820069204,129.0,289.0
