,accuracy,correct,count,Accuracy Parity,Accuracy Parity Class
male_1,0.27761194029850744,372.0,1340.0,,
male_2,0.2764753435731609,342.0,1237.0,,
female_1,0.27781926811053026,372.0,1339.0,,
female_2,0.27243330638641877,337.0,1237.0,,
male,0.2770663562281723,714.0,2577.0,,
female,0.27523291925465837,709.0,2576.0,,
Group 1,0.2777155655095185,744,2679,0.00020732781202281725,female
Group 2,0.27445432497978983,679,2474,0.00404203718674212,male
Total,0.276149815641374,1423,5153,0.0018334369735139022,male
