,accuracy,correct,count,Accuracy Parity,Accuracy Parity Class
male_1,0.4139941690962099,142.0,343.0,,
male_2,0.40236686390532544,136.0,338.0,,
female_1,0.38095238095238093,112.0,294.0,,
female_2,0.428125,137.0,320.0,,
male,0.40822320117474303,278.0,681.0,,
female,0.40553745928338764,249.0,614.0,,
Group 1,0.3987441130298273,254,637,0.033041788143828965,male
Group 2,0.4148936170212766,273,658,0.025758136094674533,female
Total,0.4069498069498069,527,1295,0.0026857418913553976,male
