,accuracy,correct,count,Accuracy Parity,Accuracy Parity Class
male_1,0.2478134110787172,85.0,343.0,,
male_2,0.31952662721893493,108.0,338.0,,
female_1,0.282312925170068,83.0,294.0,,
female_2,0.334375,107.0,320.0,,
male,0.2834067547723935,193.0,681.0,,
female,0.30944625407166126,190.0,614.0,,
Group 1,0.26373626373626374,168,637,0.0344995140913508,female
Group 2,0.32674772036474165,215,658,0.014848372781065045,female
Total,0.29575289575289576,383,1295,0.026039499299267743,female
