,accuracy,correct,count,Accuracy Parity,Accuracy Parity Class
male_1,0.26865671641791045,360.0,1340.0,,
male_2,0.15359741309620048,190.0,1237.0,,
female_1,0.16878267363704258,226.0,1339.0,,
female_2,0.27081649151172194,335.0,1237.0,,
male,0.21342646488164532,550.0,2577.0,,
female,0.21777950310559005,561.0,2576.0,,
Group 1,0.21873833519970137,586,2679,0.09987404278086787,male
Group 2,0.2122069523039612,525,2474,0.11721907841552145,female
Total,0.21560256161459343,1111,5153,0.004353038223944727,female
