,accuracy,correct,count,Accuracy Parity,Accuracy Parity Class
male_1,0.4639175257731959,135.0,291.0,,
male_2,0.3460207612456747,100.0,289.0,,
female_1,0.2920962199312715,85.0,291.0,,
female_2,0.5259515570934256,152.0,289.0,,
male,0.4051724137931034,235.0,580.0,,
female,0.4086206896551724,237.0,580.0,,
Group 1,0.37800687285223367,220,582,0.1718213058419244,male
Group 2,0.4359861591695502,252,578,0.17993079584775085,female
Total,0.4068965517241379,472,1160,0.0034482758620689724,female
