,accuracy,correct,count
male_1,0.7504105090311987,457.0,609.0
male_2,0.6738461538461539,219.0,325.0
female_1,0.7093596059113301,432.0,609.0
female_2,0.8246153846153846,268.0,325.0
