,accuracy,correct,count,Accuracy Parity,Accuracy Parity Class,Per Class Accuracy Parity,Male Parity Top 3 Classes,Female Parity Top 3 Classes
male_1,0.3047091412742382,440.0,1444.0,,,,,
male_2,0.24769230769230768,322.0,1300.0,,,,,
female_1,0.3068181818181818,378.0,1232.0,,,,,
female_2,0.2883959044368601,338.0,1172.0,,,,,
male,0.27769679300291544,762.0,2744.0,,,,,
female,0.2978369384359401,716.0,2404.0,,,,,
Group 1,0.30568011958146485,818,2676,0.002109040543943619,female,0.1513924194701216,,
Group 2,0.2669902912621359,660,2472,0.0407035967445524,female,0.15131321247327775,,
Total,0.2871017871017871,1478,5148,0.02014014543302467,female,0.15135281597169958,"baking (0.5238095238095237), begging (0.45454545454545453), buttoning (0.4375)","buckling (-0.5555555555555556), pouring (-0.5), strapping (-0.5)"
