,accuracy,correct,count
male_1,0.7175697865353038,437.0,609.0
male_2,0.7292307692307692,237.0,325.0
female_1,0.7454844006568144,454.0,609.0
female_2,0.7723076923076924,251.0,325.0
