,accuracy,correct,count,Accuracy Parity,Accuracy Parity Class
male_1,0.14776632302405499,43.0,291.0,,
male_2,0.21453287197231835,62.0,289.0,,
female_1,0.14776632302405499,43.0,291.0,,
female_2,0.20069204152249134,58.0,289.0,,
male,0.1810344827586207,105.0,580.0,,
female,0.17413793103448275,101.0,580.0,,
Group 1,0.14776632302405499,86,582,0.0,female
Group 2,0.20761245674740483,120,578,0.013840830449827007,male
Total,0.17758620689655172,206,1160,0.006896551724137945,male
