,accuracy,correct,count,Accuracy Parity,Accuracy Parity Class
male_1,0.4879725085910653,142.0,291.0,,
male_2,0.2906574394463668,84.0,289.0,,
female_1,0.281786941580756,82.0,291.0,,
female_2,0.5259515570934256,152.0,289.0,,
male,0.3896551724137931,226.0,580.0,,
female,0.40344827586206894,234.0,580.0,,
Group 1,0.3848797250859107,224,582,0.20618556701030927,male
Group 2,0.4083044982698962,236,578,0.23529411764705876,female
Total,0.39655172413793105,460,1160,0.013793103448275834,female
