,accuracy,correct,count,Accuracy Parity,Accuracy Parity Class
male_1,0.46735395189003437,136.0,291.0,,
male_2,0.2664359861591695,77.0,289.0,,
female_1,0.24742268041237114,72.0,291.0,,
female_2,0.42214532871972316,122.0,289.0,,
male,0.36724137931034484,213.0,580.0,,
female,0.33448275862068966,194.0,580.0,,
Group 1,0.35738831615120276,208,582,0.21993127147766323,male
Group 2,0.34429065743944637,199,578,0.15570934256055363,female
Total,0.35086206896551725,407,1160,0.03275862068965518,male
