,accuracy,correct,count,Accuracy Parity,Accuracy Parity Class
male_1,0.3024054982817869,88.0,291.0,,
male_2,0.43252595155709345,125.0,289.0,,
female_1,0.4329896907216495,126.0,291.0,,
female_2,0.20761245674740483,60.0,289.0,,
male,0.36724137931034484,213.0,580.0,,
female,0.32068965517241377,186.0,580.0,,
Group 1,0.36769759450171824,214,582,0.13058419243986258,female
Group 2,0.32006920415224915,185,578,0.2249134948096886,male
Total,0.3439655172413793,399,1160,0.04655172413793107,male
