,accuracy,correct,count,Accuracy Parity,Accuracy Parity Class
male_1,0.14402985074626865,193.0,1340.0,,
male_2,0.2627324171382377,325.0,1237.0,,
female_1,0.2554144884241972,342.0,1339.0,,
female_2,0.12772837510105092,158.0,1237.0,,
male,0.20100892510671323,518.0,2577.0,,
female,0.19409937888198758,500.0,2576.0,,
Group 1,0.19970138111235536,535,2679,0.11138463767792853,female
Group 2,0.1952303961196443,483,2474,0.13500404203718677,male
Total,0.19755482243353387,1018,5153,0.006909546224725643,male
