,accuracy,correct,count,Accuracy Parity,Accuracy Parity Class
male_1,0.048109965635738834,14.0,291.0,,
male_2,0.16262975778546712,47.0,289.0,,
female_1,0.044673539518900345,13.0,291.0,,
female_2,0.15570934256055363,45.0,289.0,,
male,0.10517241379310345,61.0,580.0,,
female,0.1,58.0,580.0,,
Group 1,0.04639175257731959,27,582,0.0034364261168384896,male
Group 2,0.15916955017301038,92,578,0.00692041522491349,male
Total,0.10258620689655172,119,1160,0.005172413793103445,male
