,accuracy,correct,count,Accuracy Parity,Accuracy Parity Class
male_1,0.3028720626631854,580.0,1915.0,,
male_2,0.26650803093396785,448.0,1681.0,,
female_1,0.3295668549905838,525.0,1593.0,,
female_2,0.306,459.0,1500.0,,
male,0.28587319243604004,1028.0,3596.0,,
female,0.3181377303588749,984.0,3093.0,,
Group 1,0.31499429874572404,1105,3508,0.02669479232739841,female
Group 2,0.28513046211883053,907,3181,0.03949196906603214,female
Total,0.30079234564209895,2012,6689,0.032264537922834846,female
