,accuracy,correct,count,Accuracy Parity,Accuracy Parity Class
male_1,0.49828178694158076,145.0,291.0,,
male_2,0.3079584775086505,89.0,289.0,,
female_1,0.29896907216494845,87.0,291.0,,
female_2,0.5294117647058824,153.0,289.0,,
male,0.40344827586206894,234.0,580.0,,
female,0.41379310344827586,240.0,580.0,,
Group 1,0.39862542955326463,232,582,0.19931271477663232,male
Group 2,0.4186851211072664,242,578,0.22145328719723184,female
Total,0.4086206896551724,474,1160,0.010344827586206917,female
