,accuracy,correct,count,Accuracy Parity,Accuracy Parity Class
male_1,0.3335820895522388,447.0,1340.0,,
male_2,0.3185125303152789,394.0,1237.0,,
female_1,0.3435399551904406,460.0,1339.0,,
female_2,0.32093775262732416,397.0,1237.0,,
male,0.32634846720993405,841.0,2577.0,,
female,0.3326863354037267,857.0,2576.0,,
Group 1,0.3385591638671146,907,2679,0.009957865638201835,female
Group 2,0.31972514147130154,791,2474,0.002425222312045283,female
Total,0.3295167863380555,1698,5153,0.006337868193792673,female
