,accuracy,correct,count,Accuracy Parity,Accuracy Parity Class
male_1,0.13507462686567165,181.0,1340.0,,
male_2,0.2514147130153597,311.0,1237.0,,
female_1,0.2666168782673637,357.0,1339.0,,
female_2,0.12530315278900567,155.0,1237.0,,
male,0.1909196740395809,492.0,2577.0,,
female,0.19875776397515527,512.0,2576.0,,
Group 1,0.20082120194102276,538,2679,0.13154225140169204,female
Group 2,0.1883589329021827,466,2474,0.12611156022635406,male
Total,0.19483795847079372,1004,5153,0.00783808993557436,female
