,accuracy,correct,count,Accuracy Parity,Accuracy Parity Class
male_1,0.4639175257731959,135.0,291.0,,
male_2,0.25951557093425603,75.0,289.0,,
female_1,0.29896907216494845,87.0,291.0,,
female_2,0.42214532871972316,122.0,289.0,,
male,0.3620689655172414,210.0,580.0,,
female,0.3603448275862069,209.0,580.0,,
Group 1,0.38144329896907214,222,582,0.16494845360824745,male
Group 2,0.3408304498269896,197,578,0.16262975778546712,female
Total,0.3612068965517241,419,1160,0.0017241379310344862,male
