,accuracy,correct,count,Accuracy Parity,Accuracy Parity Class
male_1,0.10746268656716418,144.0,1340.0,,
male_2,0.09377526273241714,116.0,1237.0,,
female_1,0.1179985063480209,158.0,1339.0,,
female_2,0.11721907841552143,145.0,1237.0,,
male,0.10089251067132324,260.0,2577.0,,
female,0.11762422360248448,303.0,2576.0,,
Group 1,0.11272863008585293,302,2679,0.010535819780856728,female
Group 2,0.10549717057396928,261,2474,0.023443815683104288,female
Total,0.10925674364447895,563,5153,0.01673171293116124,female
