,accuracy,correct,count,Accuracy Parity,Accuracy Parity Class
male_1,0.23367697594501718,68.0,291.0,,
male_2,0.42560553633217996,123.0,289.0,,
female_1,0.4020618556701031,117.0,291.0,,
female_2,0.1972318339100346,57.0,289.0,,
male,0.3293103448275862,191.0,580.0,,
female,0.3,174.0,580.0,,
Group 1,0.3178694158075601,185,582,0.16838487972508592,female
Group 2,0.31141868512110726,180,578,0.22837370242214536,male
Total,0.3146551724137931,365,1160,0.02931034482758621,male
