,accuracy,correct,count,Accuracy Parity,Accuracy Parity Class,Per Class Accuracy Parity,Male Parity Top 3 Classes,Female Parity Top 3 Classes
male_1,0.2742899850523169,367.0,1338.0,,,,,
male_2,0.20954692556634305,259.0,1236.0,,,,,
female_1,0.2907324364723468,389.0,1338.0,,,,,
female_2,0.24919093851132687,308.0,1236.0,,,,,
male,0.2432012432012432,626.0,2574.0,,,,,
female,0.2707847707847708,697.0,2574.0,,,,,
Group 1,0.2825112107623318,756,2676,0.016442451420029924,female,0.12473760853869206,,
Group 2,0.22936893203883496,567,2472,0.03964401294498382,female,0.1287034351097818,,
Total,0.256993006993007,1323,5148,0.02758352758352761,female,0.12672052182423696,"raking (0.5), operating (0.4444444444444444), cooking (0.4166666666666667)","wheeling (-0.46153846153846156), applying (-0.45454545454545453), sneezing (-0.45454545454545453)"
