,accuracy,correct,count,Accuracy Parity,Accuracy Parity Class,Per Class Accuracy Parity,Male Parity Top 3 Classes,Female Parity Top 3 Classes
male_1,0.3574626865671642,479.0,1340.0,,,,,
male_2,0.33629749393694425,416.0,1237.0,,,,,
female_1,0.35623599701269604,477.0,1339.0,,,,,
female_2,0.3249797898140663,402.0,1237.0,,,,,
male,0.3473030655801319,895.0,2577.0,,,,,
female,0.34122670807453415,879.0,2576.0,,,,,
Group 1,0.356849570735349,956,2679,0.001226689554468141,male,0.11867777556980341,,
Group 2,0.33063864187550523,818,2474,0.01131770412287797,male,0.12894561312440564,,
Total,0.344265476421502,1774,5153,0.0060763575055977626,male,0.12381169434710447,"wrinkling (0.7), gardening (0.5), wringing (0.4444444444444444)","climbing (-0.45454545454545453), strapping (-0.4), weighing (-0.4)"
