,accuracy,correct,count,Accuracy Parity,Accuracy Parity Class
male_1,0.19552238805970149,262.0,1340.0,,
male_2,0.2586903799514956,320.0,1237.0,,
female_1,0.26736370425690814,358.0,1339.0,,
female_2,0.15278900565885206,189.0,1237.0,,
male,0.22584400465657742,582.0,2577.0,,
female,0.2123447204968944,547.0,2576.0,,
Group 1,0.23142963792459872,620,2679,0.07184131619720666,female
Group 2,0.20573969280517382,509,2474,0.10590137429264351,male
Total,0.21909567242383077,1129,5153,0.013499284159683017,male
