,accuracy,correct,count,Accuracy Parity,Accuracy Parity Class
male_1,0.058419243986254296,17.0,291.0,,
male_2,0.17647058823529413,51.0,289.0,,
female_1,0.058419243986254296,17.0,291.0,,
female_2,0.14878892733564014,43.0,289.0,,
male,0.11724137931034483,68.0,580.0,,
female,0.10344827586206896,60.0,580.0,,
Group 1,0.058419243986254296,34,582,0.0,female
Group 2,0.16262975778546712,94,578,0.027681660899653987,male
Total,0.1103448275862069,128,1160,0.013793103448275862,male
