,accuracy,correct,count,Accuracy Parity,Accuracy Parity Class
male_1,0.5292096219931272,154.0,291.0,,
male_2,0.2664359861591695,77.0,289.0,,
female_1,0.27147766323024053,79.0,291.0,,
female_2,0.47750865051903113,138.0,289.0,,
male,0.39827586206896554,231.0,580.0,,
female,0.3741379310344828,217.0,580.0,,
Group 1,0.40034364261168387,233,582,0.2577319587628866,male
Group 2,0.3719723183391003,215,578,0.2110726643598616,female
Total,0.38620689655172413,448,1160,0.02413793103448275,male
