,accuracy,correct,count,Accuracy Parity,Accuracy Parity Class
male_1,0.17238805970149254,231.0,1340.0,,
male_2,0.29991915925626517,371.0,1237.0,,
female_1,0.2935026138909634,393.0,1339.0,,
female_2,0.15521422797089734,192.0,1237.0,,
male,0.23360496701590996,602.0,2577.0,,
female,0.22709627329192547,585.0,2576.0,,
Group 1,0.23292273236282196,624,2679,0.12111455418947084,female
Group 2,0.22756669361358126,563,2474,0.14470493128536782,male
Total,0.23035125169803997,1187,5153,0.006508693723984493,male
