,accuracy,correct,count,Accuracy Parity,Accuracy Parity Class
male_1,0.46355685131195334,159.0,343.0,,
male_2,0.4822485207100592,163.0,338.0,,
female_1,0.45918367346938777,135.0,294.0,,
female_2,0.484375,155.0,320.0,,
male,0.47283406754772395,322.0,681.0,,
female,0.4723127035830619,290.0,614.0,,
Group 1,0.46153846153846156,294,637,0.004373177842565579,male
Group 2,0.48328267477203646,318,658,0.002126479289940808,female
Total,0.4725868725868726,612,1295,0.0005213639646620694,male
