,accuracy,correct,count,Accuracy Parity,Accuracy Parity Class
male_1,0.48109965635738833,140.0,291.0,,
male_2,0.25259515570934254,73.0,289.0,,
female_1,0.27491408934707906,80.0,291.0,,
female_2,0.4290657439446367,124.0,289.0,,
male,0.36724137931034484,213.0,580.0,,
female,0.35172413793103446,204.0,580.0,,
Group 1,0.37800687285223367,220,582,0.20618556701030927,male
Group 2,0.3408304498269896,197,578,0.17647058823529416,female
Total,0.3594827586206897,417,1160,0.015517241379310376,male
