,accuracy,correct,count,Accuracy Parity,Accuracy Parity Class
male_1,0.16044776119402984,215.0,1340.0,,
male_2,0.29668552950687144,367.0,1237.0,,
female_1,0.286034353995519,383.0,1339.0,,
female_2,0.13662085691188358,169.0,1237.0,,
male,0.22584400465657742,582.0,2577.0,,
female,0.21428571428571427,552.0,2576.0,,
Group 1,0.22321761851437102,598,2679,0.12558659280148918,female
Group 2,0.21665319320937754,536,2474,0.16006467259498786,male
Total,0.22006598098195226,1134,5153,0.011558290370863145,male
