,accuracy,correct,count,Accuracy Parity,Accuracy Parity Class
male_1,0.13702623906705538,47.0,343.0,,
male_2,0.17159763313609466,58.0,338.0,,
female_1,0.1326530612244898,39.0,294.0,,
female_2,0.171875,55.0,320.0,,
male,0.15418502202643172,105.0,681.0,,
female,0.15309446254071662,94.0,614.0,,
Group 1,0.13500784929356358,86,637,0.004373177842565579,male
Group 2,0.1717325227963526,113,658,0.00027736686390533727,female
Total,0.15366795366795366,199,1295,0.001090559485715098,male
