,accuracy,correct,count,Accuracy Parity,Accuracy Parity Class
male_1,0.2689295039164491,515.0,1915.0,,
male_2,0.21772754312908982,366.0,1681.0,,
female_1,0.2617702448210923,417.0,1593.0,,
female_2,0.262,393.0,1500.0,,
male,0.2449944382647386,881.0,3596.0,,
female,0.2618816682832202,810.0,3093.0,,
Group 1,0.26567844925883694,932,3508,0.007159259095356807,male
Group 2,0.23860421251178873,759,3181,0.04427245687091019,female
Total,0.2528031095828973,1691,6689,0.01688723001848158,female
