,accuracy,correct,count,Accuracy Parity,Accuracy Parity Class
male_1,0.2852233676975945,83.0,291.0,,
male_2,0.5051903114186851,146.0,289.0,,
female_1,0.4742268041237113,138.0,291.0,,
female_2,0.24567474048442905,71.0,289.0,,
male,0.39482758620689656,229.0,580.0,,
female,0.3603448275862069,209.0,580.0,,
Group 1,0.3797250859106529,221,582,0.18900343642611683,female
Group 2,0.3754325259515571,217,578,0.25951557093425603,male
Total,0.3775862068965517,438,1160,0.03448275862068967,male
