,accuracy,correct,count,Accuracy Parity,Accuracy Parity Class
male_1,0.14402985074626865,193.0,1340.0,,
male_2,0.11156022635408246,138.0,1237.0,,
female_1,0.1239731142643764,166.0,1339.0,,
female_2,0.15683104284559418,194.0,1237.0,,
male,0.12844392704695382,331.0,2577.0,,
female,0.13975155279503104,360.0,2576.0,,
Group 1,0.1340052258305338,359,2679,0.02005673648189224,male
Group 2,0.13419563459983833,332,2474,0.045270816491511726,female
Total,0.1340966427323889,691,5153,0.011307625748077227,female
