,accuracy,correct,count
male_1,0.3333333333333333,97.0,291.0
male_2,0.45674740484429066,132.0,289.0
female_1,0.42955326460481097,125.0,291.0
female_2,0.28719723183391005,83.0,289.0
