,accuracy,correct,count,Accuracy Parity,Accuracy Parity Class
male_1,0.22014925373134328,295.0,1340.0,,
male_2,0.21746160064672596,269.0,1237.0,,
female_1,0.2046303211351755,274.0,1339.0,,
female_2,0.23443815683104285,290.0,1237.0,,
male,0.21885913853317812,564.0,2577.0,,
female,0.21894409937888198,564.0,2576.0,,
Group 1,0.2123926838372527,569,2679,0.015518932596167767,male
Group 2,0.2259498787388844,559,2474,0.0169765561843169,female
Total,0.21890161071220648,1128,5153,8.496084570386309e-05,female
