,accuracy,correct,count,Accuracy Parity,Accuracy Parity Class
male_1,0.0,0.0,291.0,,
male_2,0.13494809688581316,39.0,289.0,,
female_1,0.0,0.0,291.0,,
female_2,0.14186851211072665,41.0,289.0,,
male,0.06724137931034482,39.0,580.0,,
female,0.0706896551724138,41.0,580.0,,
Group 1,0.0,0,582,0.0,female
Group 2,0.1384083044982699,80,578,0.00692041522491349,female
Total,0.06896551724137931,80,1160,0.0034482758620689724,female
