,accuracy,correct,count,Accuracy Parity,Accuracy Parity Class
male_1,0.25221932114882506,483.0,1915.0,,
male_2,0.20285544318857823,341.0,1681.0,,
female_1,0.24356559949780288,388.0,1593.0,,
female_2,0.24333333333333335,365.0,1500.0,,
male,0.22914349276974416,824.0,3596.0,,
female,0.2434529582929195,753.0,3093.0,,
Group 1,0.2482896237172178,871,3508,0.008653721651022184,male
Group 2,0.22194278528764538,706,3181,0.04047789014475511,female
Total,0.23576020331888176,1577,6689,0.01430946552317533,female
