,accuracy,correct,count,Accuracy Parity,Accuracy Parity Class
male_1,0.2582089552238806,346.0,1340.0,,
male_2,0.116410670978173,144.0,1237.0,,
female_1,0.13890963405526513,186.0,1339.0,,
female_2,0.2570735650767987,318.0,1237.0,,
male,0.19014357780364766,490.0,2577.0,,
female,0.1956521739130435,504.0,2576.0,,
Group 1,0.19858156028368795,532,2679,0.11929932116861547,male
Group 2,0.18674211802748586,462,2474,0.1406628940986257,female
Total,0.19289734135455075,994,5153,0.00550859610939583,female
