,accuracy,correct,count,Accuracy Parity,Accuracy Parity Class
male_1,0.24402985074626865,327.0,1340.0,,
male_2,0.12368633791430882,153.0,1237.0,,
female_1,0.12322628827483197,165.0,1339.0,,
female_2,0.2635408245755861,326.0,1237.0,,
male,0.18626309662398138,480.0,2577.0,,
female,0.1906055900621118,491.0,2576.0,,
Group 1,0.18365061590145576,492,2679,0.12080356247143668,male
Group 2,0.19361358124494746,479,2474,0.13985448666127726,female
Total,0.18843392198719192,971,5153,0.004342493438130424,female
