,accuracy,correct,count
male_1,0.7586206896551724,462.0,609.0
male_2,0.796923076923077,259.0,325.0
female_1,0.7881773399014779,480.0,609.0
female_2,0.8276923076923077,269.0,325.0
