,accuracy,correct,count,Accuracy Parity,Accuracy Parity Class
male_1,0.14850746268656717,199.0,1340.0,,
male_2,0.24737267582861763,306.0,1237.0,,
female_1,0.25392083644510827,340.0,1339.0,,
female_2,0.11156022635408246,138.0,1237.0,,
male,0.19596429957314707,505.0,2577.0,,
female,0.18555900621118013,478.0,2576.0,,
Group 1,0.20119447555057857,539,2679,0.1054133737585411,female
Group 2,0.17946645109135004,444,2474,0.1358124494745352,male
Total,0.19076266252668347,983,5153,0.010405293361966939,male
