,accuracy,correct,count,Accuracy Parity,Accuracy Parity Class
male_1,0.3007832898172324,576.0,1915.0,,
male_2,0.27364663890541346,460.0,1681.0,,
female_1,0.31324544883866917,499.0,1593.0,,
female_2,0.32466666666666666,487.0,1500.0,,
male,0.28809788654060065,1036.0,3596.0,,
female,0.31878435176204334,986.0,3093.0,,
Group 1,0.306442417331813,1075,3508,0.01246215902143677,female
Group 2,0.2977051241747878,947,3181,0.051020027761253195,female
Total,0.3022873374196442,2022,6689,0.030686465221442694,female
