,accuracy,correct,count,Accuracy Parity,Accuracy Parity Class
male_1,0.07903780068728522,23.0,291.0,,
male_2,0.21107266435986158,61.0,289.0,,
female_1,0.05154639175257732,15.0,291.0,,
female_2,0.2768166089965398,80.0,289.0,,
male,0.14482758620689656,84.0,580.0,,
female,0.16379310344827586,95.0,580.0,,
Group 1,0.06529209621993128,38,582,0.027491408934707903,male
Group 2,0.24394463667820068,141,578,0.06574394463667824,female
Total,0.1543103448275862,179,1160,0.018965517241379293,female
