,accuracy,correct,count,Accuracy Parity,Accuracy Parity Class
male_1,0.23024054982817868,67.0,291.0,,
male_2,0.4602076124567474,133.0,289.0,,
female_1,0.4639175257731959,135.0,291.0,,
female_2,0.21107266435986158,61.0,289.0,,
male,0.3448275862068966,200.0,580.0,,
female,0.33793103448275863,196.0,580.0,,
Group 1,0.3470790378006873,202,582,0.2336769759450172,female
Group 2,0.3356401384083045,194,578,0.24913494809688583,male
Total,0.3413793103448276,396,1160,0.006896551724137945,male
