,accuracy,correct,count,Accuracy Parity,Accuracy Parity Class
male_1,0.07216494845360824,21.0,291.0,,
male_2,0.22837370242214533,66.0,289.0,,
female_1,0.05154639175257732,15.0,291.0,,
female_2,0.2698961937716263,78.0,289.0,,
male,0.15,87.0,580.0,,
female,0.16034482758620688,93.0,580.0,,
Group 1,0.061855670103092786,36,582,0.020618556701030924,male
Group 2,0.2491349480968858,144,578,0.041522491349480994,female
Total,0.15517241379310345,180,1160,0.01034482758620689,female
