,accuracy,correct,count,Accuracy Parity,Accuracy Parity Class
male_1,0.07462686567164178,100.0,1340.0,,
male_2,0.08649959579628133,107.0,1237.0,,
female_1,0.11127707244212098,149.0,1339.0,,
female_2,0.08326596604688763,103.0,1237.0,,
male,0.08032596041909197,207.0,2577.0,,
female,0.09782608695652174,252.0,2576.0,,
Group 1,0.0929451287793953,249,2679,0.0366502067704792,female
Group 2,0.08488278092158448,210,2474,0.0032336297493937016,male
Total,0.0890743256355521,459,5153,0.017500126537429772,female
