,accuracy,correct,count,Accuracy Parity,Accuracy Parity Class
male_1,0.3,402.0,1340.0,,
male_2,0.16006467259498788,198.0,1237.0,,
female_1,0.15982076176250934,214.0,1339.0,,
female_2,0.3047696038803557,377.0,1237.0,,
male,0.23282887077997672,600.0,2577.0,,
female,0.2294254658385093,591.0,2576.0,,
Group 1,0.22993654348637552,616,2679,0.14017923823749065,male
Group 2,0.2324171382376718,575,2474,0.1447049312853678,female
Total,0.23112749854453715,1191,5153,0.003403404941467403,male
