,accuracy,correct,count,Accuracy Parity,Accuracy Parity Class
male_1,0.5051546391752577,147.0,291.0,,
male_2,0.2664359861591695,77.0,289.0,,
female_1,0.28865979381443296,84.0,291.0,,
female_2,0.48788927335640137,141.0,289.0,,
male,0.38620689655172413,224.0,580.0,,
female,0.3879310344827586,225.0,580.0,,
Group 1,0.39690721649484534,231,582,0.21649484536082475,male
Group 2,0.3771626297577855,218,578,0.22145328719723184,female
Total,0.3870689655172414,449,1160,0.0017241379310344862,female
