,accuracy,correct,count,Accuracy Parity,Accuracy Parity Class
male_1,0.4261168384879725,124.0,291.0,,
male_2,0.4359861591695502,126.0,289.0,,
female_1,0.4261168384879725,124.0,291.0,,
female_2,0.4083044982698962,118.0,289.0,,
male,0.43103448275862066,250.0,580.0,,
female,0.41724137931034483,242.0,580.0,,
Group 1,0.4261168384879725,248,582,0.0,female
Group 2,0.42214532871972316,244,578,0.027681660899654015,male
Total,0.4241379310344828,492,1160,0.013793103448275834,male
