,accuracy,correct,count,Accuracy Parity,Accuracy Parity Class
male_1,0.21649484536082475,63.0,291.0,,
male_2,0.4359861591695502,126.0,289.0,,
female_1,0.41924398625429554,122.0,291.0,,
female_2,0.2041522491349481,59.0,289.0,,
male,0.3258620689655172,189.0,580.0,,
female,0.3120689655172414,181.0,580.0,,
Group 1,0.3178694158075601,185,582,0.2027491408934708,female
Group 2,0.32006920415224915,185,578,0.2318339100346021,male
Total,0.31896551724137934,370,1160,0.013793103448275834,male
