,accuracy,correct,count,Accuracy Parity,Accuracy Parity Class,Per Class Accuracy Parity,Male Parity Top 3 Classes,Female Parity Top 3 Classes
male_1,0.3157894736842105,456.0,1444.0,,,,,
male_2,0.26076923076923075,339.0,1300.0,,,,,
female_1,0.3181818181818182,392.0,1232.0,,,,,
female_2,0.30631399317406144,359.0,1172.0,,,,,
male,0.28972303206997085,795.0,2744.0,,,,,
female,0.31239600665557404,751.0,2404.0,,,,,
Group 1,0.31689088191330345,848,2676,0.002392344497607668,female,0.1644280304899231,,
Group 2,0.28236245954692557,698,2472,0.045544762404830685,female,0.147395923971035,,
Total,0.3003108003108003,1546,5148,0.02267297458560319,female,0.15591197723047898,"begging (0.45454545454545453), lathering (0.44999999999999996), hoeing (0.41666666666666663)","buckling (-0.5555555555555556), combing (-0.5), shrugging (-0.46153846153846156)"
