,accuracy,correct,count,Accuracy Parity,Accuracy Parity Class
male_1,0.30895522388059704,414.0,1340.0,,
male_2,0.18755052546483428,232.0,1237.0,,
female_1,0.1941747572815534,260.0,1339.0,,
female_2,0.3088116410670978,382.0,1237.0,,
male,0.2506790842064416,646.0,2577.0,,
female,0.24922360248447206,642.0,2576.0,,
Group 1,0.2515864128406122,674,2679,0.11478046659904365,male
Group 2,0.24818108326596605,614,2474,0.12126111560226352,female
Total,0.24995148457209393,1288,5153,0.0014554817219695204,male
