,accuracy,correct,count,Accuracy Parity,Accuracy Parity Class
male_1,0.32950391644908616,631.0,1915.0,,
male_2,0.273051754907793,459.0,1681.0,,
female_1,0.33019460138104206,526.0,1593.0,,
female_2,0.31466666666666665,472.0,1500.0,,
male,0.3031145717463849,1090.0,3596.0,,
female,0.32266408018105397,998.0,3093.0,,
Group 1,0.3298175598631699,1157,3508,0.0006906849319558983,female
Group 2,0.2926752593524049,931,3181,0.04161491175887366,female
Total,0.31215428315144267,2088,6689,0.01954950843466907,female
