,accuracy,correct,count,Accuracy Parity,Accuracy Parity Class
male_1,0.4054982817869416,118.0,291.0,,
male_2,0.4083044982698962,118.0,289.0,,
female_1,0.4261168384879725,124.0,291.0,,
female_2,0.4083044982698962,118.0,289.0,,
male,0.4068965517241379,236.0,580.0,,
female,0.41724137931034483,242.0,580.0,,
Group 1,0.41580756013745707,242,582,0.02061855670103091,female
Group 2,0.4083044982698962,236,578,0.0,female
Total,0.41206896551724137,478,1160,0.010344827586206917,female
