,accuracy,correct,count,Accuracy Parity,Accuracy Parity Class
male_1,0.28929503916449084,554.0,1915.0,,
male_2,0.2778108268887567,467.0,1681.0,,
female_1,0.31324544883866917,499.0,1593.0,,
female_2,0.31666666666666665,475.0,1500.0,,
male,0.2839265850945495,1021.0,3596.0,,
female,0.31490462334303265,974.0,3093.0,,
Group 1,0.30017103762827824,1053,3508,0.02395040967417833,female
Group 2,0.29613329141779315,942,3181,0.03885583977790996,female
Total,0.2982508596202721,1995,6689,0.030978038248483164,female
