,accuracy,correct,count,Accuracy Parity,Accuracy Parity Class
male_1,0.15895522388059702,213.0,1340.0,,
male_2,0.2942603071948262,364.0,1237.0,,
female_1,0.2875280059746079,385.0,1339.0,,
female_2,0.13823767178658045,171.0,1237.0,,
male,0.22390376406674428,577.0,2577.0,,
female,0.21583850931677018,556.0,2576.0,,
Group 1,0.22321761851437102,598,2679,0.1285727820940109,female
Group 2,0.21624898949070331,535,2474,0.15602263540824576,male
Total,0.21987191927032795,1133,5153,0.008065254749974105,male
