,accuracy,correct,count,Accuracy Parity,Accuracy Parity Class
male_1,0.42955326460481097,125.0,291.0,,
male_2,0.45674740484429066,132.0,289.0,,
female_1,0.44329896907216493,129.0,291.0,,
female_2,0.4083044982698962,118.0,289.0,,
male,0.44310344827586207,257.0,580.0,,
female,0.42586206896551726,247.0,580.0,,
Group 1,0.436426116838488,254,582,0.013745704467353959,female
Group 2,0.43252595155709345,250,578,0.048442906574394484,male
Total,0.43448275862068964,504,1160,0.017241379310344807,male
