,accuracy,correct,count,Accuracy Parity,Accuracy Parity Class
male_1,0.21044776119402986,282.0,1340.0,,
male_2,0.20371867421180276,252.0,1237.0,,
female_1,0.2046303211351755,274.0,1339.0,,
female_2,0.2255456750202102,279.0,1237.0,,
male,0.20721769499417927,534.0,2577.0,,
female,0.21467391304347827,553.0,2576.0,,
Group 1,0.20754012691302726,556,2679,0.005817440058854345,male
Group 2,0.21463217461600648,531,2474,0.021827000808407437,female
Total,0.2109450805356103,1087,5153,0.007456218049298996,female
