,accuracy,correct,count,Accuracy Parity,Accuracy Parity Class
male_1,0.16494845360824742,48.0,291.0,,
male_2,0.20069204152249134,58.0,289.0,,
female_1,0.15807560137457044,46.0,291.0,,
female_2,0.21453287197231835,62.0,289.0,,
male,0.18275862068965518,106.0,580.0,,
female,0.18620689655172415,108.0,580.0,,
Group 1,0.16151202749140894,94,582,0.006872852233676979,male
Group 2,0.20761245674740483,120,578,0.013840830449827007,female
Total,0.18448275862068966,214,1160,0.0034482758620689724,female
