,accuracy,correct,count
male_1,0.6781609195402298,413.0,609.0
male_2,0.8276923076923077,269.0,325.0
female_1,0.7832512315270936,477.0,609.0
female_2,0.7076923076923077,230.0,325.0
