,accuracy,correct,count,Accuracy Parity,Accuracy Parity Class
male_1,0.3274151436031332,627.0,1915.0,,
male_2,0.28019036287923854,471.0,1681.0,,
female_1,0.3101067168863779,494.0,1593.0,,
female_2,0.3273333333333333,491.0,1500.0,,
male,0.3053392658509455,1098.0,3596.0,,
female,0.3184610410604591,985.0,3093.0,,
Group 1,0.31955530216647665,1121,3508,0.017308426716755254,male
Group 2,0.3024206224457718,962,3181,0.04714297045409477,female
Total,0.31140678726267007,2083,6689,0.013121775209513575,female
