,accuracy,correct,count,Accuracy Parity,Accuracy Parity Class
male_1,0.49140893470790376,143.0,291.0,,
male_2,0.2975778546712803,86.0,289.0,,
female_1,0.2852233676975945,83.0,291.0,,
female_2,0.5224913494809689,151.0,289.0,,
male,0.39482758620689656,229.0,580.0,,
female,0.40344827586206894,234.0,580.0,,
Group 1,0.38831615120274915,226,582,0.20618556701030927,male
Group 2,0.4100346020761246,237,578,0.22491349480968859,female
Total,0.39913793103448275,463,1160,0.008620689655172376,female
