,accuracy,correct,count,Accuracy Parity,Accuracy Parity Class
male_1,0.2542955326460481,74.0,291.0,,
male_2,0.4602076124567474,133.0,289.0,,
female_1,0.46048109965635736,134.0,291.0,,
female_2,0.22837370242214533,66.0,289.0,,
male,0.3568965517241379,207.0,580.0,,
female,0.3448275862068966,200.0,580.0,,
Group 1,0.35738831615120276,208,582,0.20618556701030927,female
Group 2,0.34429065743944637,199,578,0.23183391003460208,male
Total,0.35086206896551725,407,1160,0.012068965517241348,male
