,accuracy,correct,count,Accuracy Parity,Accuracy Parity Class
male_1,0.14432989690721648,42.0,291.0,,
male_2,0.1903114186851211,55.0,289.0,,
female_1,0.08934707903780069,26.0,291.0,,
female_2,0.2768166089965398,80.0,289.0,,
male,0.16724137931034483,97.0,580.0,,
female,0.18275862068965518,106.0,580.0,,
Group 1,0.11683848797250859,68,582,0.05498281786941579,male
Group 2,0.23356401384083045,135,578,0.0865051903114187,female
Total,0.175,203,1160,0.015517241379310348,female
