,accuracy,correct,count,Accuracy Parity,Accuracy Parity Class
male_1,0.3331592689295039,638.0,1915.0,,
male_2,0.2742415229030339,461.0,1681.0,,
female_1,0.31952291274325173,509.0,1593.0,,
female_2,0.322,483.0,1500.0,,
male,0.30561735261401557,1099.0,3596.0,,
female,0.32072421597154865,992.0,3093.0,,
Group 1,0.32696693272519955,1147,3508,0.013636356186252196,male
Group 2,0.29676202452059103,944,3181,0.04775847709696612,female
Total,0.31260278068470626,2091,6689,0.015106863357533085,female
