,accuracy,correct,count,Accuracy Parity,Accuracy Parity Class
male_1,0.1873134328358209,251.0,1340.0,,
male_2,0.25788197251414713,319.0,1237.0,,
female_1,0.268857356235997,360.0,1339.0,,
female_2,0.1544058205335489,191.0,1237.0,,
male,0.22118742724097787,570.0,2577.0,,
female,0.2138975155279503,551.0,2576.0,,
Group 1,0.22807017543859648,611,2679,0.0815439234001761,female
Group 2,0.206143896523848,510,2474,0.10347615198059823,male
Total,0.2175431787308364,1121,5153,0.007289911713027564,male
