,accuracy,correct,count,Accuracy Parity,Accuracy Parity Class
male_1,0.26119402985074625,350.0,1340.0,,
male_2,0.2570735650767987,318.0,1237.0,,
female_1,0.2576549663928305,345.0,1339.0,,
female_2,0.25222312045270817,312.0,1237.0,,
male,0.2592161428017074,668.0,2577.0,,
female,0.25504658385093165,657.0,2576.0,,
Group 1,0.25942515864128407,695,2679,0.00353906345791577,male
Group 2,0.25464834276475345,630,2474,0.004850444624090511,male
Total,0.2571317679021929,1325,5153,0.0041695589507757536,male
