,accuracy,correct,count,Accuracy Parity,Accuracy Parity Class
male_1,0.42955326460481097,125.0,291.0,,
male_2,0.43944636678200694,127.0,289.0,,
female_1,0.436426116838488,127.0,291.0,,
female_2,0.4083044982698962,118.0,289.0,,
male,0.43448275862068964,252.0,580.0,,
female,0.4224137931034483,245.0,580.0,,
Group 1,0.4329896907216495,252,582,0.006872852233677007,female
Group 2,0.42387543252595156,245,578,0.03114186851211076,male
Total,0.42844827586206896,497,1160,0.012068965517241348,male
