,accuracy,correct,count,Accuracy Parity,Accuracy Parity Class
male_1,0.38831615120274915,113.0,291.0,,
male_2,0.39100346020761245,113.0,289.0,,
female_1,0.4261168384879725,124.0,291.0,,
female_2,0.40484429065743943,117.0,289.0,,
male,0.3896551724137931,226.0,580.0,,
female,0.41551724137931034,241.0,580.0,,
Group 1,0.4072164948453608,237,582,0.037800687285223344,female
Group 2,0.39792387543252594,230,578,0.01384083044982698,female
Total,0.4025862068965517,467,1160,0.025862068965517238,female
