,accuracy,correct,count,Accuracy Parity,Accuracy Parity Class
male_1,0.21343283582089553,286.0,1340.0,,
male_2,0.13500404203718674,167.0,1237.0,,
female_1,0.15758028379387604,211.0,1339.0,,
female_2,0.2029102667744543,251.0,1237.0,,
male,0.17578579743888242,453.0,2577.0,,
female,0.1793478260869565,462.0,2576.0,,
Group 1,0.1855169839492348,497,2679,0.0558525520270195,male
Group 2,0.16895715440582054,418,2474,0.06790622473726757,female
Total,0.1775664661362313,915,5153,0.0035620286480740893,female
