,accuracy,correct,count,Accuracy Parity,Accuracy Parity Class
male_1,0.33432835820895523,448.0,1340.0,,
male_2,0.32821341956346,406.0,1237.0,,
female_1,0.33383121732636295,447.0,1339.0,,
female_2,0.33468067906224735,414.0,1237.0,,
male,0.3313930927435002,854.0,2577.0,,
female,0.3342391304347826,861.0,2576.0,,
Group 1,0.3340798805524449,895,2679,0.0004971408825922841,male
Group 2,0.3314470493128537,820,2474,0.006467259498787348,female
Total,0.33281583543566856,1715,5153,0.002846037691282388,female
