,accuracy,correct,count,Accuracy Parity,Accuracy Parity Class
male_1,0.2462686567164179,330.0,1340.0,,
male_2,0.15521422797089734,192.0,1237.0,,
female_1,0.1755041075429425,235.0,1339.0,,
female_2,0.25060630557801133,310.0,1237.0,,
male,0.20256111757857975,522.0,2577.0,,
female,0.21156832298136646,545.0,2576.0,,
Group 1,0.2108995893990295,565,2679,0.07076454917347541,male
Group 2,0.2029102667744543,502,2474,0.09539207760711399,female
Total,0.20706384630312438,1067,5153,0.009007205402786711,female
