,accuracy,correct,count,Accuracy Parity,Accuracy Parity Class
male_1,0.24925373134328357,334.0,1340.0,,
male_2,0.15117219078415522,187.0,1237.0,,
female_1,0.17849141150112025,239.0,1339.0,,
female_2,0.253839935327405,314.0,1237.0,,
male,0.20217306946061311,521.0,2577.0,,
female,0.21467391304347827,553.0,2576.0,,
Group 1,0.21388577827547592,573,2679,0.07076231984216333,male
Group 2,0.20250606305578012,501,2474,0.10266774454324978,female
Total,0.20842227828449447,1074,5153,0.012500843582865157,female
