,accuracy,correct,count,Accuracy Parity,Accuracy Parity Class
male_1,0.140893470790378,41.0,291.0,,
male_2,0.14186851211072665,41.0,289.0,,
female_1,0.14432989690721648,42.0,291.0,,
female_2,0.14878892733564014,43.0,289.0,,
male,0.1413793103448276,82.0,580.0,,
female,0.14655172413793102,85.0,580.0,,
Group 1,0.14261168384879724,83,582,0.0034364261168384758,female
Group 2,0.1453287197231834,84,578,0.00692041522491349,female
Total,0.14396551724137932,167,1160,0.005172413793103431,female
