,accuracy,correct,count,Accuracy Parity,Accuracy Parity Class
male_1,0.34046997389033945,652.0,1915.0,,
male_2,0.27543129089827484,463.0,1681.0,,
female_1,0.3446327683615819,549.0,1593.0,,
female_2,0.3293333333333333,494.0,1500.0,,
male,0.31006674082313684,1115.0,3596.0,,
female,0.337213061752344,1043.0,3093.0,,
Group 1,0.34236031927023947,1201,3508,0.004162794471242459,female
Group 2,0.3008487896887771,957,3181,0.05390204243505847,female
Total,0.3226192255942592,2158,6689,0.027146320929207157,female
