,accuracy,correct,count,Accuracy Parity,Accuracy Parity Class
male_1,0.3127937336814621,599.0,1915.0,,
male_2,0.28316478286734087,476.0,1681.0,,
female_1,0.33019460138104206,526.0,1593.0,,
female_2,0.3313333333333333,497.0,1500.0,,
male,0.2989432703003337,1075.0,3596.0,,
female,0.33074684772065954,1023.0,3093.0,,
Group 1,0.32069555302166475,1125,3508,0.017400867699579936,female
Group 2,0.30587865451116003,973,3181,0.048168550465992443,female
Total,0.31364927492898786,2098,6689,0.03180357742032586,female
