,accuracy,correct,count,Accuracy Parity,Accuracy Parity Class
male_1,0.1917910447761194,257.0,1340.0,,
male_2,0.25949878738884397,321.0,1237.0,,
female_1,0.2681105302464526,359.0,1339.0,,
female_2,0.15198059822150364,188.0,1237.0,,
male,0.2242918121847109,578.0,2577.0,,
female,0.2123447204968944,547.0,2576.0,,
Group 1,0.22993654348637552,616,2679,0.07631948547033318,female
Group 2,0.20573969280517382,509,2474,0.10751818916734032,male
Total,0.21831942557733358,1125,5153,0.011947091687816491,male
