,accuracy,correct,count,Accuracy Parity,Accuracy Parity Class
male_1,0.2268041237113402,66.0,291.0,,
male_2,0.39792387543252594,115.0,289.0,,
female_1,0.37800687285223367,110.0,291.0,,
female_2,0.1695501730103806,49.0,289.0,,
male,0.3120689655172414,181.0,580.0,,
female,0.27413793103448275,159.0,580.0,,
Group 1,0.3024054982817869,176,582,0.15120274914089346,female
Group 2,0.2837370242214533,164,578,0.22837370242214533,male
Total,0.29310344827586204,340,1160,0.03793103448275864,male
