,accuracy,correct,count,Accuracy Parity,Accuracy Parity Class
male_1,0.14776632302405499,43.0,291.0,,
male_2,0.21453287197231835,62.0,289.0,,
female_1,0.14776632302405499,43.0,291.0,,
female_2,0.1972318339100346,57.0,289.0,,
male,0.1810344827586207,105.0,580.0,,
female,0.1724137931034483,100.0,580.0,,
Group 1,0.14776632302405499,86,582,0.0,female
Group 2,0.20588235294117646,119,578,0.017301038062283752,male
Total,0.17672413793103448,205,1160,0.008620689655172403,male
