,accuracy,correct,count,Accuracy Parity,Accuracy Parity Class
male_1,0.5292096219931272,154.0,291.0,,
male_2,0.25259515570934254,73.0,289.0,,
female_1,0.28865979381443296,84.0,291.0,,
female_2,0.47058823529411764,136.0,289.0,,
male,0.3913793103448276,227.0,580.0,,
female,0.3793103448275862,220.0,580.0,,
Group 1,0.40893470790378006,238,582,0.2405498281786942,male
Group 2,0.3615916955017301,209,578,0.2179930795847751,female
Total,0.3853448275862069,447,1160,0.012068965517241403,male
