,accuracy,correct,count,Accuracy Parity,Accuracy Parity Class
male_1,0.28880597014925374,387.0,1340.0,,
male_2,0.2586903799514956,320.0,1237.0,,
female_1,0.2912621359223301,390.0,1339.0,,
female_2,0.2716248989490703,336.0,1237.0,,
male,0.2743500194024059,707.0,2577.0,,
female,0.28183229813664595,726.0,2576.0,,
Group 1,0.29003359462486,777,2679,0.0024561657730763353,female
Group 2,0.2651576394502829,656,2474,0.012934518997574751,female
Total,0.2780904327576169,1433,5153,0.0074822787342400665,female
