,accuracy,correct,count,Accuracy Parity,Accuracy Parity Class
male_1,0.23432835820895523,314.0,1340.0,,
male_2,0.13662085691188358,169.0,1237.0,,
female_1,0.17699775952203137,237.0,1339.0,,
female_2,0.18916734033953111,234.0,1237.0,,
male,0.18742724097788127,483.0,2577.0,,
female,0.1828416149068323,471.0,2576.0,,
Group 1,0.20567375886524822,551,2679,0.05733059868692386,male
Group 2,0.16289409862570736,403,2474,0.05254648342764753,female
Total,0.1851348728895789,954,5153,0.004585626071048982,male
