,accuracy,correct,count,Accuracy Parity,Accuracy Parity Class
male_1,0.3470790378006873,101.0,291.0,,
male_2,0.35986159169550175,104.0,289.0,,
female_1,0.2920962199312715,85.0,291.0,,
female_2,0.34256055363321797,99.0,289.0,,
male,0.35344827586206895,205.0,580.0,,
female,0.31724137931034485,184.0,580.0,,
Group 1,0.31958762886597936,186,582,0.05498281786941578,male
Group 2,0.35121107266435986,203,578,0.01730103806228378,male
Total,0.3353448275862069,389,1160,0.0362068965517241,male
