,accuracy,correct,count,Accuracy Parity,Accuracy Parity Class
male_1,0.13745704467353953,40.0,291.0,,
male_2,0.1972318339100346,57.0,289.0,,
female_1,0.14776632302405499,43.0,291.0,,
female_2,0.23183391003460208,67.0,289.0,,
male,0.16724137931034483,97.0,580.0,,
female,0.1896551724137931,110.0,580.0,,
Group 1,0.14261168384879724,83,582,0.010309278350515455,female
Group 2,0.21453287197231835,124,578,0.03460207612456748,female
Total,0.17844827586206896,207,1160,0.022413793103448265,female
