,accuracy,correct,count,Accuracy Parity,Accuracy Parity Class
male_1,0.46048109965635736,134.0,291.0,,
male_2,0.3494809688581315,101.0,289.0,,
female_1,0.29553264604810997,86.0,291.0,,
female_2,0.5259515570934256,152.0,289.0,,
male,0.4051724137931034,235.0,580.0,,
female,0.4103448275862069,238.0,580.0,,
Group 1,0.37800687285223367,220,582,0.1649484536082474,male
Group 2,0.43771626297577854,253,578,0.17647058823529405,female
Total,0.4077586206896552,473,1160,0.005172413793103459,female
