,accuracy,correct,count,Accuracy Parity,Accuracy Parity Class
male_1,0.21044776119402986,282.0,1340.0,,
male_2,0.28860145513338725,357.0,1237.0,,
female_1,0.31292008961911877,419.0,1339.0,,
female_2,0.16653193209377526,206.0,1237.0,,
male,0.2479627473806752,639.0,2577.0,,
female,0.24262422360248448,625.0,2576.0,,
Group 1,0.2616648002986189,701,2679,0.10247232842508891,female
Group 2,0.22756669361358126,563,2474,0.122069523039612,male
Total,0.2452940034931108,1264,5153,0.005338523778190718,male
