,accuracy,correct,count,Accuracy Parity,Accuracy Parity Class
male_1,0.33054830287206266,633.0,1915.0,,
male_2,0.27840571088637717,468.0,1681.0,,
female_1,0.33584431889516636,535.0,1593.0,,
female_2,0.3293333333333333,494.0,1500.0,,
male,0.30617352614015575,1101.0,3596.0,,
female,0.3326867119301649,1029.0,3093.0,,
Group 1,0.3329532497149373,1168,3508,0.0052960160231037,female
Group 2,0.3024206224457718,962,3181,0.050927622446956144,female
Total,0.3184332486171326,2130,6689,0.026513185790009164,female
