,accuracy,correct,count,Accuracy Parity,Accuracy Parity Class
male_1,0.28880597014925374,387.0,1340.0,,
male_2,0.17057396928051738,211.0,1237.0,,
female_1,0.17027632561613143,228.0,1339.0,,
female_2,0.2877930476960388,356.0,1237.0,,
male,0.23205277454404347,598.0,2577.0,,
female,0.2267080745341615,584.0,2576.0,,
Group 1,0.22956326987681971,615,2679,0.11852964453312231,male
Group 2,0.2291835084882781,567,2474,0.11721907841552143,female
Total,0.2293809431399185,1182,5153,0.005344700009881964,male
