,accuracy,correct,count,Accuracy Parity,Accuracy Parity Class
male_1,0.20373134328358208,273.0,1340.0,,
male_2,0.3047696038803557,377.0,1237.0,,
female_1,0.3076923076923077,412.0,1339.0,,
female_2,0.16734033953112368,207.0,1237.0,,
male,0.25223127667830814,650.0,2577.0,,
female,0.2402950310559006,619.0,2576.0,,
Group 1,0.255692422545726,685,2679,0.10396096440872563,female
Group 2,0.2360549717057397,584,2474,0.137429264349232,male
Total,0.24626431205123228,1269,5153,0.011936245622407526,male
