,accuracy,correct,count,Accuracy Parity,Accuracy Parity Class
male_1,0.140893470790378,41.0,291.0,,
male_2,0.20761245674740483,60.0,289.0,,
female_1,0.14432989690721648,42.0,291.0,,
female_2,0.19377162629757785,56.0,289.0,,
male,0.17413793103448275,101.0,580.0,,
female,0.16896551724137931,98.0,580.0,,
Group 1,0.14261168384879724,83,582,0.0034364261168384758,female
Group 2,0.20069204152249134,116,578,0.01384083044982698,male
Total,0.17155172413793104,199,1160,0.005172413793103431,male
