,accuracy,correct,count,Accuracy Parity,Accuracy Parity Class,Per Class Accuracy Parity,Male Parity Top 3 Classes,Female Parity Top 3 Classes
male_1,0.3171745152354571,458.0,1444.0,,,,,
male_2,0.27,351.0,1300.0,,,,,
female_1,0.32386363636363635,399.0,1232.0,,,,,
female_2,0.3046075085324232,357.0,1172.0,,,,,
male,0.2948250728862974,809.0,2744.0,,,,,
female,0.3144758735440932,756.0,2404.0,,,,,
Group 1,0.320254110612855,857,2676,0.006689121128179265,female,0.17274244512485862,,
Group 2,0.28640776699029125,708,2472,0.03460750853242317,female,0.15746094999771468,,
Total,0.304001554001554,1565,5148,0.019650800657795786,female,0.16510169756128654,"begging (0.6363636363636364), baking (0.5357142857142857), pedaling (0.5)","pouring (-0.5), pumping (-0.5), strapping (-0.5)"
