,accuracy,correct,count,Accuracy Parity,Accuracy Parity Class
male_1,0.42955326460481097,125.0,291.0,,
male_2,0.43944636678200694,127.0,289.0,,
female_1,0.4329896907216495,126.0,291.0,,
female_2,0.4186851211072664,121.0,289.0,,
male,0.43448275862068964,252.0,580.0,,
female,0.42586206896551726,247.0,580.0,,
Group 1,0.43127147766323026,251,582,0.0034364261168385313,female
Group 2,0.4290657439446367,248,578,0.020761245674740525,male
Total,0.43017241379310345,499,1160,0.008620689655172376,male
