,accuracy,correct,count,Accuracy Parity,Accuracy Parity Class,Per Class Accuracy Parity,Male Parity Top 3 Classes,Female Parity Top 3 Classes
male_1,0.3047091412742382,440.0,1444.0,,,,,
male_2,0.2569230769230769,334.0,1300.0,,,,,
female_1,0.32061688311688313,395.0,1232.0,,,,,
female_2,0.3046075085324232,357.0,1172.0,,,,,
male,0.2820699708454811,774.0,2744.0,,,,,
female,0.31281198003327787,752.0,2404.0,,,,,
Group 1,0.31203288490284004,835,2676,0.01590774184264493,female,0.15532588350550053,,
Group 2,0.2795307443365696,691,2472,0.04768443160934627,female,0.14117681037572674,,
Total,0.2964257964257964,1526,5148,0.030742009187796793,female,0.14825134694061368,"begging (0.5454545454545454), lathering (0.44999999999999996), buttoning (0.4375)","combing (-0.5714285714285714), buckling (-0.5555555555555556), wheeling (-0.5490196078431372)"
