,accuracy,correct,count,Accuracy Parity,Accuracy Parity Class
male_1,0.058419243986254296,17.0,291.0,,
male_2,0.12802768166089964,37.0,289.0,,
female_1,0.07903780068728522,23.0,291.0,,
female_2,0.14186851211072665,41.0,289.0,,
male,0.09310344827586207,54.0,580.0,,
female,0.1103448275862069,64.0,580.0,,
Group 1,0.06872852233676977,40,582,0.020618556701030924,female
Group 2,0.13494809688581316,78,578,0.013840830449827007,female
Total,0.10172413793103448,118,1160,0.01724137931034482,female
