,accuracy,correct,count,Accuracy Parity,Accuracy Parity Class
male_1,0.18880597014925374,253.0,1340.0,,
male_2,0.14793856103476152,183.0,1237.0,,
female_1,0.2337565347274085,313.0,1339.0,,
female_2,0.1196443007275667,148.0,1237.0,,
male,0.16918897943344974,436.0,2577.0,,
female,0.17895962732919254,461.0,2576.0,,
Group 1,0.2112728630085853,566,2679,0.04495056457815477,female
Group 2,0.1337914308811641,331,2474,0.028294260307194827,male
Total,0.17407335532699397,897,5153,0.009770647895742807,female
