,accuracy,correct,count,Accuracy Parity,Accuracy Parity Class
male_1,0.24177545691906005,463.0,1915.0,,
male_2,0.2165377751338489,364.0,1681.0,,
female_1,0.2517263025737602,401.0,1593.0,,
female_2,0.23733333333333334,356.0,1500.0,,
male,0.2299777530589544,827.0,3596.0,,
female,0.24474620109925638,757.0,3093.0,,
Group 1,0.24629418472063855,864,3508,0.009950845654700169,female
Group 2,0.22634391700723044,720,3181,0.02079555819948445,female
Total,0.23680669756316342,1584,6689,0.014768448040301974,female
