,accuracy,correct,count,Accuracy Parity,Accuracy Parity Class
male_1,0.31716417910447764,425.0,1340.0,,
male_2,0.18431689571544058,228.0,1237.0,,
female_1,0.19342793129200897,259.0,1339.0,,
female_2,0.3265966046887631,404.0,1237.0,,
male,0.25339542103220797,653.0,2577.0,,
female,0.2573757763975155,663.0,2576.0,,
Group 1,0.2553191489361702,684,2679,0.12373624781246867,male
Group 2,0.25545675020210185,632,2474,0.14227970897332254,female
Total,0.25538521249757423,1316,5153,0.003980355365307553,female
