,accuracy,correct,count,Accuracy Parity,Accuracy Parity Class
male_1,0.20373134328358208,273.0,1340.0,,
male_2,0.31366208569118836,388.0,1237.0,,
female_1,0.3084391336818521,413.0,1339.0,,
female_2,0.16329830234438156,202.0,1237.0,,
male,0.256499805975941,661.0,2577.0,,
female,0.23874223602484473,615.0,2576.0,,
Group 1,0.2560656961552818,686,2679,0.10470779039827002,female
Group 2,0.23848019401778497,590,2474,0.1503637833468068,male
Total,0.24762274403260237,1276,5153,0.017757569951096286,male
