,accuracy,correct,count,Accuracy Parity,Accuracy Parity Class
male_1,0.27491408934707906,80.0,291.0,,
male_2,0.4982698961937716,144.0,289.0,,
female_1,0.46048109965635736,134.0,291.0,,
female_2,0.23529411764705882,68.0,289.0,,
male,0.38620689655172413,224.0,580.0,,
female,0.3482758620689655,202.0,580.0,,
Group 1,0.36769759450171824,214,582,0.1855670103092783,female
Group 2,0.36678200692041524,212,578,0.2629757785467128,male
Total,0.36724137931034484,426,1160,0.03793103448275864,male
