,accuracy,correct,count,Accuracy Parity,Accuracy Parity Class
male_1,0.1880597014925373,252.0,1340.0,,
male_2,0.17057396928051738,211.0,1237.0,,
female_1,0.20089619118745333,269.0,1339.0,,
female_2,0.16734033953112368,207.0,1237.0,,
male,0.1796662786185487,463.0,2577.0,,
female,0.18478260869565216,476.0,2576.0,,
Group 1,0.1944755505785741,521,2679,0.01283648969491602,female
Group 2,0.16895715440582054,418,2474,0.0032336297493937016,male
Total,0.18222394721521443,939,5153,0.005116330077103465,female
