,accuracy,correct,count,Accuracy Parity,Accuracy Parity Class
male_1,0.10149253731343283,136.0,1340.0,,
male_2,0.09620048504446241,119.0,1237.0,,
female_1,0.14339058999253174,192.0,1339.0,,
female_2,0.09458367016976556,117.0,1237.0,,
male,0.0989522700814901,255.0,2577.0,,
female,0.11995341614906832,309.0,2576.0,,
Group 1,0.12243374393430384,328,2679,0.04189805267909891,female
Group 2,0.09539207760711399,236,2474,0.0016168148746968508,male
Total,0.10945080535610324,564,5153,0.02100114606757822,female
