,accuracy,correct,count
male_1,0.40816326530612246,140.0,343.0
male_2,0.4319526627218935,146.0,338.0
female_1,0.4013605442176871,118.0,294.0
female_2,0.446875,143.0,320.0
