,accuracy,correct,count,Accuracy Parity,Accuracy Parity Class
male_1,0.49828178694158076,145.0,291.0,,
male_2,0.3044982698961938,88.0,289.0,,
female_1,0.28865979381443296,84.0,291.0,,
female_2,0.5121107266435986,148.0,289.0,,
male,0.4017241379310345,233.0,580.0,,
female,0.4,232.0,580.0,,
Group 1,0.39347079037800686,229,582,0.2096219931271478,male
Group 2,0.4083044982698962,236,578,0.2076124567474048,female
Total,0.40086206896551724,465,1160,0.0017241379310344862,male
