,accuracy,correct,count,Accuracy Parity,Accuracy Parity Class
male_1,0.054982817869415807,16.0,291.0,,
male_2,0.17993079584775087,52.0,289.0,,
female_1,0.10309278350515463,30.0,291.0,,
female_2,0.13494809688581316,39.0,289.0,,
male,0.11724137931034483,68.0,580.0,,
female,0.11896551724137931,69.0,580.0,,
Group 1,0.07903780068728522,46,582,0.04810996563573883,female
Group 2,0.157439446366782,91,578,0.04498269896193771,male
Total,0.11810344827586207,137,1160,0.0017241379310344862,female
