,accuracy,correct,count,Accuracy Parity,Accuracy Parity Class
male_1,0.40893470790378006,119.0,291.0,,
male_2,0.42214532871972316,122.0,289.0,,
female_1,0.3848797250859107,112.0,291.0,,
female_2,0.42560553633217996,123.0,289.0,,
male,0.41551724137931034,241.0,580.0,,
female,0.4051724137931034,235.0,580.0,,
Group 1,0.39690721649484534,231,582,0.024054982817869386,male
Group 2,0.42387543252595156,245,578,0.0034602076124568004,female
Total,0.4103448275862069,476,1160,0.010344827586206917,male
