,accuracy,correct,count,Accuracy Parity,Accuracy Parity Class
male_1,0.3023498694516971,579.0,1915.0,,
male_2,0.24449732302201072,411.0,1681.0,,
female_1,0.32015065913371,510.0,1593.0,,
female_2,0.30266666666666664,454.0,1500.0,,
male,0.2753058954393771,990.0,3596.0,,
female,0.3116715163271904,964.0,3093.0,,
Group 1,0.3104332953249715,1089,3508,0.017800789682012874,female
Group 2,0.27192706696007546,865,3181,0.058169343644655924,female
Total,0.29212139333233667,1954,6689,0.03636562088781331,female
