,accuracy,correct,count,Accuracy Parity,Accuracy Parity Class
male_1,0.191044776119403,256.0,1340.0,,
male_2,0.20371867421180276,252.0,1237.0,,
female_1,0.18297236743838685,245.0,1339.0,,
female_2,0.19563459983831852,242.0,1237.0,,
male,0.19712844392704695,508.0,2577.0,,
female,0.1890527950310559,487.0,2576.0,,
Group 1,0.187010078387458,501,2679,0.008072408681016136,male
Group 2,0.19967663702506064,494,2474,0.00808407437348424,male
Total,0.19309140306617503,995,5153,0.00807564889599105,male
