,accuracy,correct,count,Accuracy Parity,Accuracy Parity Class
male_1,0.2611683848797251,76.0,291.0,,
male_2,0.4083044982698962,118.0,289.0,,
female_1,0.42955326460481097,125.0,291.0,,
female_2,0.15570934256055363,45.0,289.0,,
male,0.33448275862068966,194.0,580.0,,
female,0.29310344827586204,170.0,580.0,,
Group 1,0.34536082474226804,201,582,0.16838487972508587,female
Group 2,0.2820069204152249,163,578,0.25259515570934254,male
Total,0.3137931034482759,364,1160,0.04137931034482761,male
