,accuracy,correct,count,Accuracy Parity,Accuracy Parity Class
male_1,0.25149253731343285,337.0,1340.0,,
male_2,0.14793856103476152,183.0,1237.0,,
female_1,0.17849141150112025,239.0,1339.0,,
female_2,0.25788197251414713,319.0,1237.0,,
male,0.20178502134264648,520.0,2577.0,,
female,0.21661490683229814,558.0,2576.0,,
Group 1,0.21500559910414332,576,2679,0.0730011258123126,male
Group 2,0.2029102667744543,502,2474,0.1099434114793856,female
Total,0.20919852513099166,1078,5153,0.014829885489651667,female
