,accuracy,correct,count
male_1,0.7553366174055829,460.0,609.0
male_2,0.6892307692307692,224.0,325.0
female_1,0.715927750410509,436.0,609.0
female_2,0.8061538461538461,262.0,325.0
