,accuracy,correct,count,Accuracy Parity,Accuracy Parity Class
male_1,0.1291044776119403,173.0,1340.0,,
male_2,0.22392886014551333,277.0,1237.0,,
female_1,0.20985810306198655,281.0,1339.0,,
female_2,0.1269199676637025,157.0,1237.0,,
male,0.17462165308498254,450.0,2577.0,,
female,0.17003105590062112,438.0,2576.0,,
Group 1,0.1694662187383352,454,2679,0.08075362545004625,female
Group 2,0.17542441390460792,434,2474,0.09700889248181083,male
Total,0.17232679992237532,888,5153,0.004590597184361417,male
