,accuracy,correct,count,Accuracy Parity,Accuracy Parity Class
male_1,0.4570446735395189,133.0,291.0,,
male_2,0.44982698961937717,130.0,289.0,,
female_1,0.41580756013745707,121.0,291.0,,
female_2,0.42214532871972316,122.0,289.0,,
male,0.453448275862069,263.0,580.0,,
female,0.4189655172413793,243.0,580.0,,
Group 1,0.436426116838488,254,582,0.04123711340206182,male
Group 2,0.4359861591695502,252,578,0.027681660899654015,male
Total,0.4362068965517241,506,1160,0.03448275862068967,male
