,accuracy,correct,count,Accuracy Parity,Accuracy Parity Class
male_1,0.3711340206185567,108.0,291.0,,
male_2,0.4117647058823529,119.0,289.0,,
female_1,0.3917525773195876,114.0,291.0,,
female_2,0.4083044982698962,118.0,289.0,,
male,0.3913793103448276,227.0,580.0,,
female,0.4,232.0,580.0,,
Group 1,0.38144329896907214,222,582,0.02061855670103091,female
Group 2,0.4100346020761246,237,578,0.003460207612456745,male
Total,0.3956896551724138,459,1160,0.008620689655172431,female
