,accuracy,correct,count,Accuracy Parity,Accuracy Parity Class
male_1,0.46735395189003437,136.0,291.0,,
male_2,0.35294117647058826,102.0,289.0,,
female_1,0.29553264604810997,86.0,291.0,,
female_2,0.5259515570934256,152.0,289.0,,
male,0.4103448275862069,238.0,580.0,,
female,0.4103448275862069,238.0,580.0,,
Group 1,0.38144329896907214,222,582,0.1718213058419244,male
Group 2,0.43944636678200694,254,578,0.1730103806228373,female
Total,0.4103448275862069,476,1160,0.0,female
