,accuracy,correct,count,Accuracy Parity,Accuracy Parity Class,Per Class Accuracy Parity,Male Parity Top 3 Classes,Female Parity Top 3 Classes
male_1,0.31018276762402086,594.0,1915.0,,,,,
male_2,0.2528256989886972,425.0,1681.0,,,,,
female_1,0.31387319522912743,500.0,1593.0,,,,,
female_2,0.30733333333333335,461.0,1500.0,,,,,
male,0.28337041156840936,1019.0,3596.0,,,,,
female,0.31070158422243777,961.0,3093.0,,,,,
Group 1,0.31185860889395667,1094,3508,0.003690427605106572,female,0.15202230377470108,,
Group 2,0.278528764539453,886,3181,0.054507634344636124,female,0.13235884878804988,,
Total,0.29600837195395424,1980,6689,0.0273311726540284,female,0.14219057628137555,"hoeing (0.4930555555555556), autographing (0.45), lathering (0.393939393939394)","buckling (-0.5666666666666667), shrugging (-0.46153846153846156), sitting (-0.448512585812357)"
