,accuracy,correct,count,Accuracy Parity,Accuracy Parity Class
male_1,0.26791044776119405,359.0,1340.0,,
male_2,0.1576394502829426,195.0,1237.0,,
female_1,0.1740104555638536,233.0,1339.0,,
female_2,0.26839126919967665,332.0,1237.0,,
male,0.21497865735351185,554.0,2577.0,,
female,0.21933229813664595,565.0,2576.0,,
Group 1,0.2209779768570362,592,2679,0.09389999219734044,male
Group 2,0.2130153597413096,527,2474,0.11075181891673405,female
Total,0.2171550553075878,1119,5153,0.004353640783134105,female
