,accuracy,correct,count,Accuracy Parity,Accuracy Parity Class
male_1,0.41924398625429554,122.0,291.0,,
male_2,0.42560553633217996,123.0,289.0,,
female_1,0.436426116838488,127.0,291.0,,
female_2,0.4186851211072664,121.0,289.0,,
male,0.4224137931034483,245.0,580.0,,
female,0.42758620689655175,248.0,580.0,,
Group 1,0.42783505154639173,249,582,0.017182130584192434,female
Group 2,0.42214532871972316,244,578,0.006920415224913545,male
Total,0.425,493,1160,0.005172413793103459,female
