,accuracy,correct,count,Accuracy Parity,Accuracy Parity Class
male_1,0.20298507462686566,272.0,1340.0,,
male_2,0.301535974130962,373.0,1237.0,,
female_1,0.31366691560866317,420.0,1339.0,,
female_2,0.1713823767178658,212.0,1237.0,,
male,0.25029103608847497,645.0,2577.0,,
female,0.2453416149068323,632.0,2576.0,,
Group 1,0.25830533781261666,692,2679,0.11068184098179751,female
Group 2,0.23645917542441391,585,2474,0.1301535974130962,male
Total,0.24781680574422665,1277,5153,0.0049494211816426825,male
