,accuracy,correct,count,Accuracy Parity,Accuracy Parity Class
male_1,0.2738805970149254,367.0,1340.0,,
male_2,0.26434923201293453,327.0,1237.0,,
female_1,0.2725914861837192,365.0,1339.0,,
female_2,0.25788197251414713,319.0,1237.0,,
male,0.2693053938688397,694.0,2577.0,,
female,0.265527950310559,684.0,2576.0,,
Group 1,0.2732362821948488,732,2679,0.0012891108312061972,male
Group 2,0.2611156022635408,646,2474,0.006467259498787403,male
Total,0.2674170386182806,1378,5153,0.0037774435582807464,male
