,accuracy,correct,count,Accuracy Parity,Accuracy Parity Class
male_1,0.208955223880597,280.0,1340.0,,
male_2,0.21422797089733225,265.0,1237.0,,
female_1,0.19716206123973115,264.0,1339.0,,
female_2,0.22877930476960387,283.0,1237.0,,
male,0.21148622429181219,545.0,2577.0,,
female,0.2123447204968944,547.0,2576.0,,
Group 1,0.2030608435983576,544,2679,0.011793162640865856,male
Group 2,0.22150363783346808,548,2474,0.014551333872271616,female
Total,0.2119153890937318,1092,5153,0.0008584962050822154,female
