,accuracy,correct,count
male_1,0.3263707571801567,625.0,1915.0
male_2,0.27067221891731114,455.0,1681.0
female_1,0.3308223477715003,527.0,1593.0
female_2,0.32666666666666666,490.0,1500.0
