,accuracy,correct,count,Accuracy Parity,Accuracy Parity Class
male_1,0.2574412532637076,493.0,1915.0,,
male_2,0.2201070791195717,370.0,1681.0,,
female_1,0.26490897677338354,422.0,1593.0,,
female_2,0.25666666666666665,385.0,1500.0,,
male,0.2399888765294772,863.0,3596.0,,
female,0.2609117361784675,807.0,3093.0,,
Group 1,0.26083238312428736,915,3508,0.00746772350967595,female
Group 2,0.237346746306193,755,3181,0.03655958754709496,female
Total,0.24966362685005233,1670,6689,0.020922859648990322,female
