,accuracy,correct,count,Accuracy Parity,Accuracy Parity Class
male_1,0.47230320699708456,162.0,343.0,,
male_2,0.4970414201183432,168.0,338.0,,
female_1,0.4489795918367347,132.0,294.0,,
female_2,0.45625,146.0,320.0,,
male,0.4845814977973568,330.0,681.0,,
female,0.4527687296416938,278.0,614.0,,
Group 1,0.46153846153846156,294,637,0.023323615160349864,male
Group 2,0.47720364741641336,314,658,0.04079142011834319,male
Total,0.4694980694980695,608,1295,0.03181276815566303,male
