,accuracy,correct,count
male_1,0.3268929503916449,626.0,1915.0
male_2,0.2724568709101725,458.0,1681.0
female_1,0.3314500941619586,528.0,1593.0
female_2,0.32666666666666666,490.0,1500.0
