,accuracy,correct,count,Accuracy Parity,Accuracy Parity Class
male_1,0.3018276762402089,578.0,1915.0,,
male_2,0.2682926829268293,451.0,1681.0,,
female_1,0.3258003766478343,519.0,1593.0,,
female_2,0.308,462.0,1500.0,,
male,0.2861512791991101,1029.0,3596.0,,
female,0.3171677982541222,981.0,3093.0,,
Group 1,0.3127137970353478,1097,3508,0.02397270040762539,female
Group 2,0.28701666142722415,913,3181,0.03970731707317071,female
Total,0.30049334728658994,2010,6689,0.031016519055012126,female
