,accuracy,correct,count,Accuracy Parity,Accuracy Parity Class
male_1,0.35738831615120276,104.0,291.0,,
male_2,0.48788927335640137,141.0,289.0,,
female_1,0.46048109965635736,134.0,291.0,,
female_2,0.29411764705882354,85.0,289.0,,
male,0.4224137931034483,245.0,580.0,,
female,0.3775862068965517,219.0,580.0,,
Group 1,0.40893470790378006,238,582,0.1030927835051546,female
Group 2,0.39100346020761245,226,578,0.19377162629757783,male
Total,0.4,464,1160,0.044827586206896586,male
