,accuracy,correct,count
male_1,0.7553366174055829,460.0,609.0
male_2,0.6953846153846154,226.0,325.0
female_1,0.7142857142857143,435.0,609.0
female_2,0.8,260.0,325.0
