,accuracy,correct,count,Accuracy Parity,Accuracy Parity Class
male_1,0.258955223880597,347.0,1340.0,,
male_2,0.2562651576394503,317.0,1237.0,,
female_1,0.2561613144137416,343.0,1339.0,,
female_2,0.24818108326596605,307.0,1237.0,,
male,0.2576639503298409,664.0,2577.0,,
female,0.25232919254658387,650.0,2576.0,,
Group 1,0.25755879059350506,690,2679,0.002793909466855371,male
Group 2,0.25222312045270817,624,2474,0.00808407437348424,male
Total,0.2549970890743256,1314,5153,0.005334757783257038,male
