,accuracy,correct,count,Accuracy Parity,Accuracy Parity Class
male_1,0.31492537313432833,422.0,1340.0,,
male_2,0.16329830234438156,202.0,1237.0,,
female_1,0.17923823749066467,240.0,1339.0,,
female_2,0.3120452708164915,386.0,1237.0,,
male,0.2421420256111758,624.0,2577.0,,
female,0.24301242236024845,626.0,2576.0,,
Group 1,0.24710712952594252,662,2679,0.13568713564366366,male
Group 2,0.23767178658043653,588,2474,0.14874696847210997,female
Total,0.24257713953037066,1250,5153,0.0008703967490726605,female
