,accuracy,correct,count,Accuracy Parity,Accuracy Parity Class
male_1,0.36082474226804123,105.0,291.0,,
male_2,0.49480968858131485,143.0,289.0,,
female_1,0.4570446735395189,133.0,291.0,,
female_2,0.2975778546712803,86.0,289.0,,
male,0.42758620689655175,248.0,580.0,,
female,0.3775862068965517,219.0,580.0,,
Group 1,0.40893470790378006,238,582,0.09621993127147765,female
Group 2,0.3961937716262976,229,578,0.19723183391003457,male
Total,0.4025862068965517,467,1160,0.050000000000000044,male
