,accuracy,correct,count,Accuracy Parity,Accuracy Parity Class
male_1,0.2919060052219321,559.0,1915.0,,
male_2,0.22903033908387865,385.0,1681.0,,
female_1,0.2975517890772128,474.0,1593.0,,
female_2,0.302,453.0,1500.0,,
male,0.2625139043381535,944.0,3596.0,,
female,0.2997090203685742,927.0,3093.0,,
Group 1,0.29446978335233753,1033,3508,0.005645783855280695,female
Group 2,0.26343917007230433,838,3181,0.07296966091612134,female
Total,0.27971296157871134,1871,6689,0.037195116030420694,female
