,accuracy,correct,count,Accuracy Parity,Accuracy Parity Class
male_1,0.14776632302405499,43.0,291.0,,
male_2,0.22491349480968859,65.0,289.0,,
female_1,0.0859106529209622,25.0,291.0,,
female_2,0.2906574394463668,84.0,289.0,,
male,0.18620689655172415,108.0,580.0,,
female,0.1879310344827586,109.0,580.0,,
Group 1,0.11683848797250859,68,582,0.061855670103092786,male
Group 2,0.2577854671280277,149,578,0.06574394463667821,female
Total,0.1870689655172414,217,1160,0.0017241379310344584,female
