,accuracy,correct,count,Accuracy Parity,Accuracy Parity Class
male_1,0.33676975945017185,98.0,291.0,,
male_2,0.36678200692041524,106.0,289.0,,
female_1,0.29553264604810997,86.0,291.0,,
female_2,0.3460207612456747,100.0,289.0,,
male,0.35172413793103446,204.0,580.0,,
female,0.32068965517241377,186.0,580.0,,
Group 1,0.3161512027491409,184,582,0.041237113402061876,male
Group 2,0.356401384083045,206,578,0.020761245674740525,male
Total,0.33620689655172414,390,1160,0.031034482758620696,male
