,accuracy,correct,count,Accuracy Parity,Accuracy Parity Class
male_1,0.2783582089552239,373.0,1340.0,,
male_2,0.2764753435731609,342.0,1237.0,,
female_1,0.27856609410007466,373.0,1339.0,,
female_2,0.2716248989490703,336.0,1237.0,,
male,0.27745440434613894,715.0,2577.0,,
female,0.27523291925465837,709.0,2576.0,,
Group 1,0.2784621127286301,746,2679,0.00020788514485076126,female
Group 2,0.2740501212611156,678,2474,0.004850444624090566,male
Total,0.27634387735299826,1424,5153,0.0022214850914805684,male
