,accuracy,correct,count,Accuracy Parity,Accuracy Parity Class
male_1,0.3283582089552239,440.0,1340.0,,
male_2,0.31366208569118836,388.0,1237.0,,
female_1,0.34652725914861837,464.0,1339.0,,
female_2,0.32336297493936944,400.0,1237.0,,
male,0.3213038416763679,828.0,2577.0,,
female,0.33540372670807456,864.0,2576.0,,
Group 1,0.3374393430384472,904,2679,0.018169050193394487,female
Group 2,0.3185125303152789,788,2474,0.009700889248181077,female
Total,0.3283524160683097,1692,5153,0.014099885031706672,female
