,accuracy,correct,count
male_1,0.6830870279146142,416.0,609.0
male_2,0.8092307692307692,263.0,325.0
female_1,0.7832512315270936,477.0,609.0
female_2,0.7415384615384616,241.0,325.0
