,accuracy,correct,count,Accuracy Parity,Accuracy Parity Class
male_1,0.4536082474226804,132.0,291.0,,
male_2,0.23875432525951557,69.0,289.0,,
female_1,0.27491408934707906,80.0,291.0,,
female_2,0.4083044982698962,118.0,289.0,,
male,0.34655172413793106,201.0,580.0,,
female,0.3413793103448276,198.0,580.0,,
Group 1,0.3642611683848797,212,582,0.17869415807560135,male
Group 2,0.3235294117647059,187,578,0.1695501730103806,female
Total,0.3439655172413793,399,1160,0.005172413793103459,male
