,accuracy,correct,count,Accuracy Parity,Accuracy Parity Class
male_1,0.22740524781341107,78.0,343.0,,
male_2,0.2692307692307692,91.0,338.0,,
female_1,0.25170068027210885,74.0,294.0,,
female_2,0.328125,105.0,320.0,,
male,0.24816446402349487,169.0,681.0,,
female,0.2915309446254072,179.0,614.0,,
Group 1,0.23861852433281006,152,637,0.02429543245869778,female
Group 2,0.2978723404255319,196,658,0.05889423076923078,female
Total,0.26872586872586873,348,1295,0.04336648060191231,female
