,accuracy,correct,count,Accuracy Parity,Accuracy Parity Class
male_1,0.26527415143603134,508.0,1915.0,,
male_2,0.2314098750743605,389.0,1681.0,,
female_1,0.42310106716886375,674.0,1593.0,,
female_2,0.43133333333333335,647.0,1500.0,,
male,0.24944382647385985,897.0,3596.0,,
female,0.42709343679275785,1321.0,3093.0,,
Group 1,0.3369441277080958,1182,3508,0.15782691573283242,female
Group 2,0.32568374724929267,1036,3181,0.19992345825897284,female
Total,0.33158917625953055,2218,6689,0.177649610318898,female
