,accuracy,correct,count,Accuracy Parity,Accuracy Parity Class
male_1,0.3711340206185567,108.0,291.0,,
male_2,0.3771626297577855,109.0,289.0,,
female_1,0.37800687285223367,110.0,291.0,,
female_2,0.356401384083045,103.0,289.0,,
male,0.3741379310344828,217.0,580.0,,
female,0.36724137931034484,213.0,580.0,,
Group 1,0.3745704467353952,218,582,0.0068728522336769515,female
Group 2,0.36678200692041524,212,578,0.02076124567474047,male
Total,0.3706896551724138,430,1160,0.006896551724137945,male
