,accuracy,correct,count,Accuracy Parity,Accuracy Parity Class
male_1,0.32164179104477614,431.0,1340.0,,
male_2,0.1544058205335489,191.0,1237.0,,
female_1,0.17027632561613143,228.0,1339.0,,
female_2,0.3144704931285368,389.0,1237.0,,
male,0.24136592937524254,622.0,2577.0,,
female,0.23951863354037267,617.0,2576.0,,
Group 1,0.24598730869727511,659,2679,0.1513654654286447,male
Group 2,0.23443815683104285,580,2474,0.1600646725949879,female
Total,0.24044246070250339,1239,5153,0.0018472958348698665,male
