,accuracy,correct,count,Accuracy Parity,Accuracy Parity Class
male_1,0.3143603133159269,602.0,1915.0,,
male_2,0.26591314693634743,447.0,1681.0,,
female_1,0.31324544883866917,499.0,1593.0,,
female_2,0.32066666666666666,481.0,1500.0,,
male,0.2917130144605117,1049.0,3596.0,,
female,0.31684448755253797,980.0,3093.0,,
Group 1,0.3138540478905359,1101,3508,0.0011148644772577265,male
Group 2,0.2917321596982081,928,3181,0.05475351973031922,female
Total,0.30333383166392586,2029,6689,0.02513147309202629,female
