,accuracy,correct,count,Accuracy Parity,Accuracy Parity Class
male_1,0.4177545691906005,800.0,1915.0,,
male_2,0.19214753123140987,323.0,1681.0,,
female_1,0.19146264908976773,305.0,1593.0,,
female_2,0.4726666666666667,709.0,1500.0,,
male,0.31229143492769745,1123.0,3596.0,,
female,0.32783705140640157,1014.0,3093.0,,
Group 1,0.31499429874572404,1105,3508,0.22629192010083277,male
Group 2,0.324426281043697,1032,3181,0.2805191354352568,female
Total,0.3194797428614143,2137,6689,0.015545616478704116,female
