,accuracy,correct,count,Accuracy Parity,Accuracy Parity Class
male_1,0.422680412371134,123.0,291.0,,
male_2,0.42214532871972316,122.0,289.0,,
female_1,0.42955326460481097,125.0,291.0,,
female_2,0.4186851211072664,121.0,289.0,,
male,0.4224137931034483,245.0,580.0,,
female,0.4241379310344828,246.0,580.0,,
Group 1,0.4261168384879725,248,582,0.0068728522336769515,female
Group 2,0.4204152249134948,243,578,0.003460207612456745,male
Total,0.4232758620689655,491,1160,0.0017241379310344862,female
