,accuracy,correct,count,Accuracy Parity,Accuracy Parity Class
male_1,0.2955223880597015,396.0,1340.0,,
male_2,0.2716248989490703,336.0,1237.0,,
female_1,0.2837938760268857,380.0,1339.0,,
female_2,0.25788197251414713,319.0,1237.0,,
male,0.2840512223515716,732.0,2577.0,,
female,0.2713509316770186,699.0,2576.0,,
Group 1,0.2896603210153042,776,2679,0.011728512032815774,male
Group 2,0.26475343573160875,655,2474,0.013742926434923197,male
Total,0.27770230933436835,1431,5153,0.012700290674552972,male
