,accuracy,correct,count
male_1,0.7832512315270936,477.0,609.0
male_2,0.683076923076923,222.0,325.0
female_1,0.715927750410509,436.0,609.0
female_2,0.8338461538461538,271.0,325.0
