,accuracy,correct,count,Accuracy Parity,Accuracy Parity Class
male_1,0.1962686567164179,263.0,1340.0,,
male_2,0.28617623282134197,354.0,1237.0,,
female_1,0.29424943988050783,394.0,1339.0,,
female_2,0.15521422797089734,192.0,1237.0,,
male,0.2394256887854094,617.0,2577.0,,
female,0.22748447204968944,586.0,2576.0,,
Group 1,0.24524076147816348,657,2679,0.09798078316408992,female
Group 2,0.22069523039611966,546,2474,0.13096200485044462,male
Total,0.2334562390840287,1203,5153,0.011941216735719962,male
