,accuracy,correct,count
male_1,0.33676975945017185,98.0,291.0
male_2,0.4532871972318339,131.0,289.0
female_1,0.422680412371134,123.0,291.0
female_2,0.2837370242214533,82.0,289.0
