,accuracy,correct,count,Accuracy Parity,Accuracy Parity Class
male_1,0.32989690721649484,96.0,291.0,,
male_2,0.5363321799307958,155.0,289.0,,
female_1,0.48109965635738833,140.0,291.0,,
female_2,0.2837370242214533,82.0,289.0,,
male,0.43275862068965515,251.0,580.0,,
female,0.38275862068965516,222.0,580.0,,
Group 1,0.4054982817869416,236,582,0.1512027491408935,female
Group 2,0.4100346020761246,237,578,0.25259515570934254,male
Total,0.4077586206896552,473,1160,0.04999999999999999,male
