,accuracy,correct,count,Accuracy Parity,Accuracy Parity Class
male_1,0.29896907216494845,87.0,291.0,,
male_2,0.3771626297577855,109.0,289.0,,
female_1,0.3436426116838488,100.0,291.0,,
female_2,0.3494809688581315,101.0,289.0,,
male,0.33793103448275863,196.0,580.0,,
female,0.34655172413793106,201.0,580.0,,
Group 1,0.32130584192439865,187,582,0.04467353951890035,female
Group 2,0.3633217993079585,210,578,0.02768166089965396,male
Total,0.3422413793103448,397,1160,0.008620689655172431,female
