,accuracy,correct,count,Accuracy Parity,Accuracy Parity Class
male_1,0.24029850746268658,322.0,1340.0,,
male_2,0.2635408245755861,326.0,1237.0,,
female_1,0.2658700522778193,356.0,1339.0,,
female_2,0.2586903799514956,320.0,1237.0,,
male,0.25145518044237486,648.0,2577.0,,
female,0.26242236024844723,676.0,2576.0,,
Group 1,0.2530795072788354,678,2679,0.025571544815132713,female
Group 2,0.2611156022635408,646,2474,0.004850444624090511,male
Total,0.2569377061905686,1324,5153,0.010967179806072369,female
