,accuracy,correct,count,Accuracy Parity,Accuracy Parity Class
male_1,0.446064139941691,153.0,343.0,,
male_2,0.48520710059171596,164.0,338.0,,
female_1,0.4557823129251701,134.0,294.0,,
female_2,0.49375,158.0,320.0,,
male,0.4654919236417034,317.0,681.0,,
female,0.4755700325732899,292.0,614.0,,
Group 1,0.45054945054945056,287,637,0.0097181729834791,female
Group 2,0.48936170212765956,322,658,0.008542899408284066,female
Total,0.4702702702702703,609,1295,0.010078108931586505,female
