,accuracy,correct,count,Accuracy Parity,Accuracy Parity Class
male_1,0.436426116838488,127.0,291.0,,
male_2,0.44982698961937717,130.0,289.0,,
female_1,0.4329896907216495,126.0,291.0,,
female_2,0.4083044982698962,118.0,289.0,,
male,0.44310344827586207,257.0,580.0,,
female,0.4206896551724138,244.0,580.0,,
Group 1,0.43470790378006874,253,582,0.0034364261168384758,male
Group 2,0.4290657439446367,248,578,0.041522491349480994,male
Total,0.43189655172413793,501,1160,0.022413793103448265,male
