,accuracy,correct,count,Accuracy Parity,Accuracy Parity Class,Per Class Accuracy Parity,Male Parity Top 3 Classes,Female Parity Top 3 Classes
male_1,0.3071748878923767,411.0,1338.0,,,,,
male_2,0.2621359223300971,324.0,1236.0,,,,,
female_1,0.29970104633781763,401.0,1338.0,,,,,
female_2,0.2977346278317152,368.0,1236.0,,,,,
male,0.28554778554778554,735.0,2574.0,,,,,
female,0.2987567987567988,769.0,2574.0,,,,,
Group 1,0.3034379671150972,812,2676,0.007473841554559046,male,0.15071013656965662,,
Group 2,0.27993527508090615,692,2472,0.035598705501618144,female,0.14991229612320933,,
Total,0.29215229215229216,1504,5148,0.013209013209013243,female,0.15031121634643305,"cooking (0.5833333333333333), frying (0.4444444444444444), hoeing (0.4444444444444444)","pumping (-0.5555555555555556), mopping (-0.5), strapping (-0.5)"
