,accuracy,correct,count,Accuracy Parity,Accuracy Parity Class
male_1,0.29896907216494845,87.0,291.0,,
male_2,0.3460207612456747,100.0,289.0,,
female_1,0.25773195876288657,75.0,291.0,,
female_2,0.31833910034602075,92.0,289.0,,
male,0.32241379310344825,187.0,580.0,,
female,0.28793103448275864,167.0,580.0,,
Group 1,0.27835051546391754,162,582,0.041237113402061876,male
Group 2,0.33217993079584773,192,578,0.02768166089965396,male
Total,0.30517241379310345,354,1160,0.03448275862068961,male
