,accuracy,correct,count,Accuracy Parity,Accuracy Parity Class
male_1,0.33805970149253733,453.0,1340.0,,
male_2,0.32821341956346,406.0,1237.0,,
female_1,0.33383121732636295,447.0,1339.0,,
female_2,0.322554567502021,399.0,1237.0,,
male,0.3333333333333333,859.0,2577.0,,
female,0.328416149068323,846.0,2576.0,,
Group 1,0.335946248600224,900,2679,0.004228484166174384,male
Group 2,0.3253839935327405,805,2474,0.0056588520614390125,male
Total,0.33087521831942557,1705,5153,0.00491718426501031,male
