,accuracy,correct,count,Accuracy Parity,Accuracy Parity Class
male_1,0.31958762886597936,93.0,291.0,,
male_2,0.43252595155709345,125.0,289.0,,
female_1,0.3951890034364261,115.0,291.0,,
female_2,0.24567474048442905,71.0,289.0,,
male,0.3758620689655172,218.0,580.0,,
female,0.32068965517241377,186.0,580.0,,
Group 1,0.35738831615120276,208,582,0.07560137457044674,female
Group 2,0.3391003460207612,196,578,0.1868512110726644,male
Total,0.3482758620689655,404,1160,0.05517241379310345,male
