,accuracy,correct,count,Accuracy Parity,Accuracy Parity Class
male_1,0.19825072886297376,68.0,343.0,,
male_2,0.2869822485207101,97.0,338.0,,
female_1,0.17346938775510204,51.0,294.0,,
female_2,0.3125,100.0,320.0,,
male,0.2422907488986784,165.0,681.0,,
female,0.24592833876221498,151.0,614.0,,
Group 1,0.18681318681318682,119,637,0.024781341107871724,male
Group 2,0.2993920972644377,197,658,0.02551775147928992,female
Total,0.244015444015444,316,1295,0.003637589863536572,female
