,accuracy,correct,count,Accuracy Parity,Accuracy Parity Class
male_1,0.4948453608247423,144.0,291.0,,
male_2,0.27335640138408307,79.0,289.0,,
female_1,0.25773195876288657,75.0,291.0,,
female_2,0.47750865051903113,138.0,289.0,,
male,0.38448275862068965,223.0,580.0,,
female,0.36724137931034484,213.0,580.0,,
Group 1,0.37628865979381443,219,582,0.23711340206185572,male
Group 2,0.3754325259515571,217,578,0.20415224913494806,female
Total,0.3758620689655172,436,1160,0.017241379310344807,male
