,accuracy,correct,count,Accuracy Parity,Accuracy Parity Class
male_1,0.30927835051546393,90.0,291.0,,
male_2,0.4913494809688581,142.0,289.0,,
female_1,0.5017182130584192,146.0,291.0,,
female_2,0.22491349480968859,65.0,289.0,,
male,0.4,232.0,580.0,,
female,0.36379310344827587,211.0,580.0,,
Group 1,0.4054982817869416,236,582,0.1924398625429553,female
Group 2,0.35813148788927335,207,578,0.2664359861591695,male
Total,0.38189655172413794,443,1160,0.036206896551724155,male
