,accuracy,correct,count,Accuracy Parity,Accuracy Parity Class
male_1,0.29776119402985074,399.0,1340.0,,
male_2,0.2764753435731609,342.0,1237.0,,
female_1,0.28454070201643017,381.0,1339.0,,
female_2,0.2772837510105093,343.0,1237.0,,
male,0.28754365541327126,741.0,2577.0,,
female,0.281055900621118,724.0,2576.0,,
Group 1,0.2911534154535274,780,2679,0.01322049201342057,male
Group 2,0.27687954729183506,685,2474,0.0008084074373483907,female
Total,0.2843004075295944,1465,5153,0.006487754792153244,male
