,accuracy,correct,count,Accuracy Parity,Accuracy Parity Class
male_1,0.048109965635738834,14.0,291.0,,
male_2,0.14878892733564014,43.0,289.0,,
female_1,0.044673539518900345,13.0,291.0,,
female_2,0.14878892733564014,43.0,289.0,,
male,0.09827586206896552,57.0,580.0,,
female,0.09655172413793103,56.0,580.0,,
Group 1,0.04639175257731959,27,582,0.0034364261168384896,male
Group 2,0.14878892733564014,86,578,0.0,female
Total,0.09741379310344828,113,1160,0.0017241379310344862,male
