,accuracy,correct,count,Accuracy Parity,Accuracy Parity Class
male_1,0.3951890034364261,115.0,291.0,,
male_2,0.4013840830449827,116.0,289.0,,
female_1,0.4020618556701031,117.0,291.0,,
female_2,0.39100346020761245,113.0,289.0,,
male,0.39827586206896554,231.0,580.0,,
female,0.39655172413793105,230.0,580.0,,
Group 1,0.39862542955326463,232,582,0.006872852233677007,female
Group 2,0.3961937716262976,229,578,0.010380622837370235,male
Total,0.39741379310344827,461,1160,0.0017241379310344862,male
