,accuracy,correct,count,Accuracy Parity,Accuracy Parity Class
male_1,0.46735395189003437,136.0,291.0,,
male_2,0.3494809688581315,101.0,289.0,,
female_1,0.2920962199312715,85.0,291.0,,
female_2,0.5259515570934256,152.0,289.0,,
male,0.4086206896551724,237.0,580.0,,
female,0.4086206896551724,237.0,580.0,,
Group 1,0.3797250859106529,221,582,0.17525773195876287,male
Group 2,0.43771626297577854,253,578,0.17647058823529405,female
Total,0.4086206896551724,474,1160,0.0,female
