,accuracy,correct,count,Accuracy Parity,Accuracy Parity Class
male_1,0.5326460481099656,155.0,291.0,,
male_2,0.2560553633217993,74.0,289.0,,
female_1,0.3024054982817869,88.0,291.0,,
female_2,0.47750865051903113,138.0,289.0,,
male,0.39482758620689656,229.0,580.0,,
female,0.3896551724137931,226.0,580.0,,
Group 1,0.4175257731958763,243,582,0.2302405498281787,male
Group 2,0.36678200692041524,212,578,0.22145328719723184,female
Total,0.3922413793103448,455,1160,0.005172413793103459,male
