,accuracy,correct,count,Accuracy Parity,Accuracy Parity Class
male_1,0.3230240549828179,94.0,291.0,,
male_2,0.35986159169550175,104.0,289.0,,
female_1,0.3642611683848797,106.0,291.0,,
female_2,0.25259515570934254,73.0,289.0,,
male,0.3413793103448276,198.0,580.0,,
female,0.3086206896551724,179.0,580.0,,
Group 1,0.3436426116838488,200,582,0.04123711340206182,female
Group 2,0.3062283737024221,177,578,0.1072664359861592,male
Total,0.325,377,1160,0.03275862068965518,male
