,accuracy,correct,count,Accuracy Parity,Accuracy Parity Class
male_1,0.3028720626631854,580.0,1915.0,,
male_2,0.23557406305770376,396.0,1681.0,,
female_1,0.31952291274325173,509.0,1593.0,,
female_2,0.2833333333333333,425.0,1500.0,,
male,0.271412680756396,976.0,3596.0,,
female,0.30197219527966374,934.0,3093.0,,
Group 1,0.3104332953249715,1089,3508,0.016650850080066337,female
Group 2,0.25809493869852246,821,3181,0.04775927027562957,female
Total,0.2855434295111377,1910,6689,0.030559514523267717,female
