,accuracy,correct,count
male_1,0.7520525451559934,458.0,609.0
male_2,0.76,247.0,325.0
female_1,0.7750410509031199,472.0,609.0
female_2,0.8,260.0,325.0
