,accuracy,correct,count,Accuracy Parity,Accuracy Parity Class
male_1,0.38851174934725846,744.0,1915.0,,
male_2,0.3593099345627603,604.0,1681.0,,
female_1,0.26867545511613306,428.0,1593.0,,
female_2,0.25266666666666665,379.0,1500.0,,
male,0.37486095661846497,1348.0,3596.0,,
female,0.2609117361784675,807.0,3093.0,,
Group 1,0.33409350057012543,1172,3508,0.1198362942311254,male
Group 2,0.30902232002514934,983,3181,0.10664326789609363,male
Total,0.32217072806099567,2155,6689,0.11394922043999745,male
