,accuracy,correct,count,Accuracy Parity,Accuracy Parity Class
male_1,0.3216710182767624,616.0,1915.0,,
male_2,0.264128494943486,444.0,1681.0,,
female_1,0.325172630257376,518.0,1593.0,,
female_2,0.31333333333333335,470.0,1500.0,,
male,0.29477196885428253,1060.0,3596.0,,
female,0.3194309731652118,988.0,3093.0,,
Group 1,0.3232611174458381,1134,3508,0.003501611980613606,female
Group 2,0.2873310279786231,914,3181,0.04920483838984735,female
Total,0.3061743160412618,2048,6689,0.024659004310929267,female
