,accuracy,correct,count,Accuracy Parity,Accuracy Parity Class
male_1,0.2417910447761194,324.0,1340.0,,
male_2,0.26192400970088925,324.0,1237.0,,
female_1,0.2554144884241972,342.0,1339.0,,
female_2,0.25949878738884397,321.0,1237.0,,
male,0.25145518044237486,648.0,2577.0,,
female,0.2573757763975155,663.0,2576.0,,
Group 1,0.24860022396416573,666,2679,0.013623443648077771,female
Group 2,0.26071139854486663,645,2474,0.002425222312045283,male
Total,0.25441490393945276,1311,5153,0.005920595955140662,female
