,accuracy,correct,count,Accuracy Parity,Accuracy Parity Class
male_1,0.44673539518900346,130.0,291.0,,
male_2,0.4359861591695502,126.0,289.0,,
female_1,0.41580756013745707,121.0,291.0,,
female_2,0.40484429065743943,117.0,289.0,,
male,0.4413793103448276,256.0,580.0,,
female,0.4103448275862069,238.0,580.0,,
Group 1,0.43127147766323026,251,582,0.030927835051546393,male
Group 2,0.4204152249134948,243,578,0.03114186851211076,male
Total,0.42586206896551726,494,1160,0.031034482758620696,male
