,accuracy,correct,count,Accuracy Parity,Accuracy Parity Class
male_1,0.3470790378006873,101.0,291.0,,
male_2,0.5051903114186851,146.0,289.0,,
female_1,0.44673539518900346,130.0,291.0,,
female_2,0.31141868512110726,90.0,289.0,,
male,0.42586206896551726,247.0,580.0,,
female,0.3793103448275862,220.0,580.0,,
Group 1,0.39690721649484534,231,582,0.09965635738831619,female
Group 2,0.4083044982698962,236,578,0.19377162629757783,male
Total,0.4025862068965517,467,1160,0.04655172413793107,male
