,accuracy,correct,count,Accuracy Parity,Accuracy Parity Class
male_1,0.4489795918367347,154.0,343.0,,
male_2,0.4437869822485207,150.0,338.0,,
female_1,0.43197278911564624,127.0,294.0,,
female_2,0.446875,143.0,320.0,,
male,0.44640234948604995,304.0,681.0,,
female,0.43973941368078173,270.0,614.0,,
Group 1,0.4411302982731554,281,637,0.017006802721088454,male
Group 2,0.4452887537993921,293,658,0.0030880177514793217,female
Total,0.44324324324324327,574,1295,0.006662935805268222,male
