,accuracy,correct,count,Accuracy Parity,Accuracy Parity Class
male_1,0.25773195876288657,75.0,291.0,,
male_2,0.40484429065743943,117.0,289.0,,
female_1,0.4329896907216495,126.0,291.0,,
female_2,0.15916955017301038,46.0,289.0,,
male,0.3310344827586207,192.0,580.0,,
female,0.296551724137931,172.0,580.0,,
Group 1,0.34536082474226804,201,582,0.17525773195876293,female
Group 2,0.2820069204152249,163,578,0.24567474048442905,male
Total,0.3137931034482759,364,1160,0.03448275862068967,male
