,accuracy,correct,count,Accuracy Parity,Accuracy Parity Class
male_1,0.41580756013745707,121.0,291.0,,
male_2,0.4290657439446367,124.0,289.0,,
female_1,0.36082474226804123,105.0,291.0,,
female_2,0.42560553633217996,123.0,289.0,,
male,0.4224137931034483,245.0,580.0,,
female,0.3931034482758621,228.0,580.0,,
Group 1,0.38831615120274915,226,582,0.054982817869415834,male
Group 2,0.4273356401384083,247,578,0.003460207612456745,male
Total,0.4077586206896552,473,1160,0.02931034482758621,male
