,accuracy,correct,count,Accuracy Parity,Accuracy Parity Class
male_1,0.3848396501457726,132.0,343.0,,
male_2,0.40236686390532544,136.0,338.0,,
female_1,0.391156462585034,115.0,294.0,,
female_2,0.415625,133.0,320.0,,
male,0.3935389133627019,268.0,681.0,,
female,0.40390879478827363,248.0,614.0,,
Group 1,0.3877551020408163,247,637,0.00631681243926141,female
Group 2,0.4088145896656535,269,658,0.013258136094674577,female
Total,0.39845559845559847,516,1295,0.010369881425571714,female
