,accuracy,correct,count,Accuracy Parity,Accuracy Parity Class
male_1,0.30522388059701494,409.0,1340.0,,
male_2,0.17219078415521422,213.0,1237.0,,
female_1,0.1859596713965646,249.0,1339.0,,
female_2,0.30234438156831045,374.0,1237.0,,
male,0.24136592937524254,622.0,2577.0,,
female,0.2418478260869565,623.0,2576.0,,
Group 1,0.24561403508771928,658,2679,0.11926420920045033,male
Group 2,0.23726758286176233,587,2474,0.13015359741309623,female
Total,0.24160683097224916,1245,5153,0.00048189671171397497,female
