,accuracy,correct,count,Accuracy Parity,Accuracy Parity Class
male_1,0.19931271477663232,58.0,291.0,,
male_2,0.21107266435986158,61.0,289.0,,
female_1,0.1134020618556701,33.0,291.0,,
female_2,0.32525951557093424,94.0,289.0,,
male,0.20517241379310344,119.0,580.0,,
female,0.2189655172413793,127.0,580.0,,
Group 1,0.1563573883161512,91,582,0.08591065292096221,male
Group 2,0.2681660899653979,155,578,0.11418685121107267,female
Total,0.2120689655172414,246,1160,0.013793103448275862,female
