,accuracy,correct,count,Accuracy Parity,Accuracy Parity Class
male_1,0.44673539518900346,130.0,291.0,,
male_2,0.1972318339100346,57.0,289.0,,
female_1,0.27491408934707906,80.0,291.0,,
female_2,0.36678200692041524,106.0,289.0,,
male,0.32241379310344825,187.0,580.0,,
female,0.32068965517241377,186.0,580.0,,
Group 1,0.36082474226804123,210,582,0.1718213058419244,male
Group 2,0.2820069204152249,163,578,0.16955017301038064,female
Total,0.32155172413793104,373,1160,0.0017241379310344862,male
