,accuracy,correct,count,Accuracy Parity,Accuracy Parity Class
male_1,0.0728862973760933,25.0,343.0,,
male_2,0.08875739644970414,30.0,338.0,,
female_1,0.06462585034013606,19.0,294.0,,
female_2,0.115625,37.0,320.0,,
male,0.08076358296622614,55.0,681.0,,
female,0.09120521172638436,56.0,614.0,,
Group 1,0.06907378335949764,44,637,0.008260447035957241,male
Group 2,0.10182370820668693,67,658,0.026867603550295868,female
Total,0.08571428571428572,111,1295,0.010441628760158222,female
