,accuracy,correct,count,Accuracy Parity,Accuracy Parity Class
male_1,0.37900874635568516,130.0,343.0,,
male_2,0.4230769230769231,143.0,338.0,,
female_1,0.336734693877551,99.0,294.0,,
female_2,0.403125,129.0,320.0,,
male,0.4008810572687225,273.0,681.0,,
female,0.3713355048859935,228.0,614.0,,
Group 1,0.35949764521193095,229,637,0.04227405247813415,male
Group 2,0.4133738601823708,272,658,0.01995192307692306,male
Total,0.38687258687258685,501,1295,0.02954555238272899,male
