,accuracy,correct,count,Accuracy Parity,Accuracy Parity Class
male_1,0.32646048109965636,95.0,291.0,,
male_2,0.5363321799307958,155.0,289.0,,
female_1,0.48109965635738833,140.0,291.0,,
female_2,0.28027681660899656,81.0,289.0,,
male,0.43103448275862066,250.0,580.0,,
female,0.3810344827586207,221.0,580.0,,
Group 1,0.40378006872852235,235,582,0.15463917525773196,female
Group 2,0.4083044982698962,236,578,0.2560553633217993,male
Total,0.4060344827586207,471,1160,0.04999999999999999,male
