,accuracy,correct,count,Accuracy Parity,Accuracy Parity Class
male_1,0.32989690721649484,96.0,291.0,,
male_2,0.5224913494809689,151.0,289.0,,
female_1,0.4845360824742268,141.0,291.0,,
female_2,0.28027681660899656,81.0,289.0,,
male,0.42586206896551726,247.0,580.0,,
female,0.38275862068965516,222.0,580.0,,
Group 1,0.4072164948453608,237,582,0.15463917525773196,female
Group 2,0.4013840830449827,232,578,0.2422145328719723,male
Total,0.4043103448275862,469,1160,0.0431034482758621,male
