,accuracy,correct,count,Accuracy Parity,Accuracy Parity Class
male_1,0.25970149253731345,348.0,1340.0,,
male_2,0.2570735650767987,318.0,1237.0,,
female_1,0.26138909634055263,350.0,1339.0,,
female_2,0.2675828617623282,331.0,1237.0,,
male,0.25844004656577413,666.0,2577.0,,
female,0.2643633540372671,681.0,2576.0,,
Group 1,0.2605449794699515,698,2679,0.0016876038032391794,female
Group 2,0.26232821341956347,649,2474,0.010509296685529523,female
Total,0.26140112555792744,1347,5153,0.0059233074714929446,female
