,accuracy,correct,count
male_1,0.46048109965635736,134.0,291.0
male_2,0.2906574394463668,84.0,289.0
female_1,0.29553264604810997,86.0,291.0
female_2,0.47058823529411764,136.0,289.0
