,accuracy,correct,count,Accuracy Parity,Accuracy Parity Class
male_1,0.32313432835820893,433.0,1340.0,,
male_2,0.1608730800323363,199.0,1237.0,,
female_1,0.1650485436893204,221.0,1339.0,,
female_2,0.3193209377526273,395.0,1237.0,,
male,0.2452464105549088,632.0,2577.0,,
female,0.2391304347826087,616.0,2576.0,,
Group 1,0.24412094064949608,654,2679,0.15808578466888853,male
Group 2,0.2400970088924818,594,2474,0.15844785772029102,female
Total,0.24218901610712207,1248,5153,0.0061159757723001085,male
