,accuracy,correct,count,Accuracy Parity,Accuracy Parity Class
male_1,0.13745704467353953,40.0,291.0,,
male_2,0.18339100346020762,53.0,289.0,,
female_1,0.0859106529209622,25.0,291.0,,
female_2,0.2629757785467128,76.0,289.0,,
male,0.16034482758620688,93.0,580.0,,
female,0.17413793103448275,101.0,580.0,,
Group 1,0.11168384879725086,65,582,0.05154639175257733,male
Group 2,0.2231833910034602,129,578,0.07958477508650516,female
Total,0.16724137931034483,194,1160,0.013793103448275862,female
