,accuracy,correct,count,Accuracy Parity,Accuracy Parity Class
male_1,0.31801566579634466,609.0,1915.0,,
male_2,0.2694824509220702,453.0,1681.0,,
female_1,0.31512868801004396,502.0,1593.0,,
female_2,0.32066666666666666,481.0,1500.0,,
male,0.2953281423804227,1062.0,3596.0,,
female,0.3178144196572907,983.0,3093.0,,
Group 1,0.31670467502850624,1111,3508,0.002886977786300704,male
Group 2,0.2936183590066017,934,3181,0.05118421574459647,female
Total,0.3057258185079982,2045,6689,0.022486277276867972,female
