,accuracy,correct,count,Accuracy Parity,Accuracy Parity Class
male_1,0.39067055393586003,134.0,343.0,,
male_2,0.40236686390532544,136.0,338.0,,
female_1,0.3707482993197279,109.0,294.0,,
female_2,0.39375,126.0,320.0,,
male,0.3964757709251101,270.0,681.0,,
female,0.38273615635179153,235.0,614.0,,
Group 1,0.3814756671899529,243,637,0.019922254616132118,male
Group 2,0.3981762917933131,262,658,0.008616863905325456,male
Total,0.38996138996138996,505,1295,0.01373961457331857,male
