,accuracy,correct,count,Accuracy Parity,Accuracy Parity Class
male_1,0.07462686567164178,100.0,1340.0,,
male_2,0.08649959579628133,107.0,1237.0,,
female_1,0.11501120238984316,154.0,1339.0,,
female_2,0.08488278092158448,105.0,1237.0,,
male,0.08032596041909197,207.0,2577.0,,
female,0.10054347826086957,259.0,2576.0,,
Group 1,0.09481149682717432,254,2679,0.04038433671820138,female
Group 2,0.0856911883589329,212,2474,0.0016168148746968508,male
Total,0.09043275761692218,466,5153,0.020217517841777596,female
