,accuracy,correct,count,Accuracy Parity,Accuracy Parity Class
male_1,0.30671641791044774,411.0,1340.0,,
male_2,0.1608730800323363,199.0,1237.0,,
female_1,0.16206123973114264,217.0,1339.0,,
female_2,0.2950687146321746,365.0,1237.0,,
male,0.236709351959643,610.0,2577.0,,
female,0.22593167701863354,582.0,2576.0,,
Group 1,0.23441582680104517,628,2679,0.1446551781793051,male
Group 2,0.22797089733225545,564,2474,0.1341956345998383,female
Total,0.23132156025616146,1192,5153,0.010777674941009452,male
