,accuracy,correct,count,Accuracy Parity,Accuracy Parity Class
male_1,0.23394255874673628,448.0,1915.0,,
male_2,0.2117787031528852,356.0,1681.0,,
female_1,0.23163841807909605,369.0,1593.0,,
female_2,0.24266666666666667,364.0,1500.0,,
male,0.2235817575083426,804.0,3596.0,,
female,0.23698674426123506,733.0,3093.0,,
Group 1,0.2328962371721779,817,3508,0.002304140667640231,male
Group 2,0.22634391700723044,720,3181,0.03088796351378148,female
Total,0.22978023620870086,1537,6689,0.01340498675289245,female
