,accuracy,correct,count,Accuracy Parity,Accuracy Parity Class
male_1,0.41580756013745707,121.0,291.0,,
male_2,0.41522491349480967,120.0,289.0,,
female_1,0.3848797250859107,112.0,291.0,,
female_2,0.42560553633217996,123.0,289.0,,
male,0.41551724137931034,241.0,580.0,,
female,0.4051724137931034,235.0,580.0,,
Group 1,0.40034364261168387,233,582,0.030927835051546393,male
Group 2,0.4204152249134948,243,578,0.01038062283737029,female
Total,0.4103448275862069,476,1160,0.010344827586206917,male
