,accuracy,correct,count,Accuracy Parity,Accuracy Parity Class
male_1,0.16343283582089552,219.0,1340.0,,
male_2,0.22635408245755861,280.0,1237.0,,
female_1,0.25168035847647496,337.0,1339.0,,
female_2,0.13823767178658045,171.0,1237.0,,
male,0.1936360108653473,499.0,2577.0,,
female,0.1972049689440994,508.0,2576.0,,
Group 1,0.20754012691302726,556,2679,0.08824752265557945,female
Group 2,0.18229587712206952,451,2474,0.08811641067097817,male
Total,0.1954201436056666,1007,5153,0.003568958078752099,female
