,accuracy,correct,count,Accuracy Parity,Accuracy Parity Class
male_1,0.28616187989556136,548.0,1915.0,,
male_2,0.22248661511005355,374.0,1681.0,,
female_1,0.31889516635279347,508.0,1593.0,,
female_2,0.26666666666666666,400.0,1500.0,,
male,0.25639599555061177,922.0,3596.0,,
female,0.29356611703847396,908.0,3093.0,,
Group 1,0.3010262257696693,1056,3508,0.032733286457232114,female
Group 2,0.2433197107827727,774,3181,0.044180051556613115,female
Total,0.2735834952907759,1830,6689,0.037170121487862195,female
