,accuracy,correct,count,Accuracy Parity,Accuracy Parity Class
male_1,0.3352480417754569,642.0,1915.0,,
male_2,0.26055919095776325,438.0,1681.0,,
female_1,0.3339610797237916,532.0,1593.0,,
female_2,0.32066666666666666,481.0,1500.0,,
male,0.3003337041156841,1080.0,3596.0,,
female,0.3275137407048173,1013.0,3093.0,,
Group 1,0.3346636259977195,1174,3508,0.0012869620516653413,male
Group 2,0.2889028607356177,919,3181,0.0601074757089034,female
Total,0.31290177904021527,2093,6689,0.027180036589133205,female
