,accuracy,correct,count,Accuracy Parity,Accuracy Parity Class,Per Class Accuracy Parity,Male Parity Top 3 Classes,Female Parity Top 3 Classes
male_1,0.3843283582089552,515.0,1340.0,,,,,
male_2,0.34114793856103476,422.0,1237.0,,,,,
female_1,0.3786407766990291,507.0,1339.0,,,,,
female_2,0.34761519805982216,430.0,1237.0,,,,,
male,0.36360108653473033,937.0,2577.0,,,,,
female,0.36374223602484473,937.0,2576.0,,,,,
Group 1,0.3814856289660321,1022,2679,0.0056875815099260985,male,0.10023954756114195,,
Group 2,0.34438156831042843,852,2474,0.006467259498787403,female,0.15793262752898973,,
Total,0.36367164758393167,1874,5153,0.0001411494901144006,female,0.1290860875450658,"standing (0.5384615384615385), splashing (0.4444444444444444), practicing (0.4117647058823529)","skating (-0.5), wheeling (-0.4615384615384615), weighing (-0.4)"
