,accuracy,correct,count,Accuracy Parity,Accuracy Parity Class
male_1,0.1917910447761194,257.0,1340.0,,
male_2,0.27970897332255457,346.0,1237.0,,
female_1,0.28005974607916356,375.0,1339.0,,
female_2,0.1544058205335489,191.0,1237.0,,
male,0.2339930151338766,603.0,2577.0,,
female,0.21972049689440995,566.0,2576.0,,
Group 1,0.23590892123926838,632,2679,0.08826870130304415,female
Group 2,0.21705739692805173,537,2474,0.12530315278900567,male
Total,0.22685814088880263,1169,5153,0.014272518239466653,male
