,accuracy,correct,count,Accuracy Parity,Accuracy Parity Class
male_1,0.37900874635568516,130.0,343.0,,
male_2,0.4408284023668639,149.0,338.0,,
female_1,0.3741496598639456,110.0,294.0,,
female_2,0.415625,133.0,320.0,,
male,0.40969162995594716,279.0,681.0,,
female,0.3957654723127036,243.0,614.0,,
Group 1,0.37676609105180536,240,637,0.00485908649173955,male
Group 2,0.42857142857142855,282,658,0.02520340236686386,male
Total,0.40308880308880307,522,1295,0.013926157643243564,male
