,accuracy,correct,count,Accuracy Parity,Accuracy Parity Class
male_1,0.3161512027491409,92.0,291.0,,
male_2,0.370242214532872,107.0,289.0,,
female_1,0.38831615120274915,113.0,291.0,,
female_2,0.2491349480968858,72.0,289.0,,
male,0.3431034482758621,199.0,580.0,,
female,0.31896551724137934,185.0,580.0,,
Group 1,0.35223367697594504,205,582,0.07216494845360827,female
Group 2,0.3096885813148789,179,578,0.12110726643598618,male
Total,0.3310344827586207,384,1160,0.02413793103448275,male
