,accuracy,correct,count,Accuracy Parity,Accuracy Parity Class
male_1,0.446064139941691,153.0,343.0,,
male_2,0.5029585798816568,170.0,338.0,,
female_1,0.46938775510204084,138.0,294.0,,
female_2,0.49375,158.0,320.0,,
male,0.47430249632892807,323.0,681.0,,
female,0.4820846905537459,296.0,614.0,,
Group 1,0.45682888540031397,291,637,0.023323615160349864,female
Group 2,0.49848024316109424,328,658,0.009208579881656798,male
Total,0.477992277992278,619,1295,0.007782194224817851,female
