,accuracy,correct,count,Accuracy Parity,Accuracy Parity Class
male_1,0.0,0.0,291.0,,
male_2,0.20761245674740483,60.0,289.0,,
female_1,0.0,0.0,291.0,,
female_2,0.22491349480968859,65.0,289.0,,
male,0.10344827586206896,60.0,580.0,,
female,0.11206896551724138,65.0,580.0,,
Group 1,0.0,0,582,0.0,female
Group 2,0.21626297577854672,125,578,0.017301038062283752,female
Total,0.10775862068965517,125,1160,0.008620689655172417,female
