,accuracy,correct,count,Accuracy Parity,Accuracy Parity Class
male_1,0.23880597014925373,320.0,1340.0,,
male_2,0.2021018593371059,250.0,1237.0,,
female_1,0.23898431665421957,320.0,1339.0,,
female_2,0.20371867421180276,252.0,1237.0,,
male,0.22118742724097787,570.0,2577.0,,
female,0.2220496894409938,572.0,2576.0,,
Group 1,0.23889511011571482,640,2679,0.0001783465049658428,female
Group 2,0.2029102667744543,502,2474,0.0016168148746968647,female
Total,0.22161847467494664,1142,5153,0.000862262200015923,female
