,accuracy,correct,count,Accuracy Parity,Accuracy Parity Class
male_1,0.19931271477663232,58.0,291.0,,
male_2,0.4083044982698962,118.0,289.0,,
female_1,0.3917525773195876,114.0,291.0,,
female_2,0.22837370242214533,66.0,289.0,,
male,0.30344827586206896,176.0,580.0,,
female,0.3103448275862069,180.0,580.0,,
Group 1,0.29553264604810997,172,582,0.1924398625429553,female
Group 2,0.31833910034602075,184,578,0.17993079584775085,male
Total,0.30689655172413793,356,1160,0.006896551724137945,female
