,accuracy,correct,count,Accuracy Parity,Accuracy Parity Class
male_1,0.1864229765013055,357.0,1915.0,,
male_2,0.1421772754312909,239.0,1681.0,,
female_1,0.2184557438794727,348.0,1593.0,,
female_2,0.20133333333333334,302.0,1500.0,,
male,0.1657397107897664,596.0,3596.0,,
female,0.2101519560297446,650.0,3093.0,,
Group 1,0.20096921322690992,705,3508,0.03203276737816721,female
Group 2,0.17007230430682174,541,3181,0.059156057902042425,female
Total,0.18627597548213484,1246,6689,0.04441224523997819,female
