,accuracy,correct,count,Accuracy Parity,Accuracy Parity Class
male_1,0.20223880597014926,271.0,1340.0,,
male_2,0.30719482619240096,380.0,1237.0,,
female_1,0.3084391336818521,413.0,1339.0,,
female_2,0.16734033953112368,207.0,1237.0,,
male,0.25261932479627475,651.0,2577.0,,
female,0.2406832298136646,620.0,2576.0,,
Group 1,0.2553191489361702,684,2679,0.10620032771170285,female
Group 2,0.23726758286176233,587,2474,0.13985448666127728,male
Total,0.24665243547448087,1271,5153,0.01193609498261014,male
