,accuracy,correct,count,Accuracy Parity,Accuracy Parity Class
male_1,0.20149253731343283,270.0,1340.0,,
male_2,0.2053354890864996,254.0,1237.0,,
female_1,0.21807318894697536,292.0,1339.0,,
female_2,0.22797089733225545,282.0,1237.0,,
male,0.203337213814513,524.0,2577.0,,
female,0.22282608695652173,574.0,2576.0,,
Group 1,0.20977976857036207,562,2679,0.016580651633542526,female
Group 2,0.21665319320937754,536,2474,0.022635408245755856,female
Total,0.2130797593634776,1098,5153,0.019488873142008728,female
