,accuracy,correct,count,Accuracy Parity,Accuracy Parity Class
male_1,0.49140893470790376,143.0,291.0,,
male_2,0.30103806228373703,87.0,289.0,,
female_1,0.29553264604810997,86.0,291.0,,
female_2,0.5363321799307958,155.0,289.0,,
male,0.39655172413793105,230.0,580.0,,
female,0.41551724137931034,241.0,580.0,,
Group 1,0.39347079037800686,229,582,0.19587628865979378,male
Group 2,0.4186851211072664,242,578,0.23529411764705882,female
Total,0.4060344827586207,471,1160,0.018965517241379293,female
