,accuracy,correct,count,Accuracy Parity,Accuracy Parity Class
male_1,0.2920962199312715,85.0,291.0,,
male_2,0.4982698961937716,144.0,289.0,,
female_1,0.4845360824742268,141.0,291.0,,
female_2,0.22145328719723184,64.0,289.0,,
male,0.39482758620689656,229.0,580.0,,
female,0.35344827586206895,205.0,580.0,,
Group 1,0.38831615120274915,226,582,0.1924398625429553,female
Group 2,0.35986159169550175,208,578,0.27681660899653976,male
Total,0.3741379310344828,434,1160,0.04137931034482761,male
