,accuracy,correct,count,Accuracy Parity,Accuracy Parity Class
male_1,0.42565597667638483,146.0,343.0,,
male_2,0.45857988165680474,155.0,338.0,,
female_1,0.38095238095238093,112.0,294.0,,
female_2,0.415625,133.0,320.0,,
male,0.4419970631424376,301.0,681.0,,
female,0.3990228013029316,245.0,614.0,,
Group 1,0.4050235478806907,258,637,0.0447035957240039,male
Group 2,0.4376899696048632,288,658,0.04295488165680472,male
Total,0.42162162162162165,546,1295,0.04297426183950598,male
