,accuracy,correct,count,Accuracy Parity,Accuracy Parity Class
male_1,0.25149253731343285,337.0,1340.0,,
male_2,0.23443815683104285,290.0,1237.0,,
female_1,0.26064227035100823,349.0,1339.0,,
female_2,0.2392886014551334,296.0,1237.0,,
male,0.24330616996507567,627.0,2577.0,,
female,0.25038819875776397,645.0,2576.0,,
Group 1,0.2560656961552818,686,2679,0.00914973303757538,female
Group 2,0.2368633791430881,586,2474,0.0048504446240905386,female
Total,0.24684649718610518,1272,5153,0.007082028792688294,female
