,accuracy,correct,count,Accuracy Parity,Accuracy Parity Class
male_1,0.2716417910447761,364.0,1340.0,,
male_2,0.13177041228779304,163.0,1237.0,,
female_1,0.14787154592979837,198.0,1339.0,,
female_2,0.27566693613581245,341.0,1237.0,,
male,0.2045013581684129,527.0,2577.0,,
female,0.20923913043478262,539.0,2576.0,,
Group 1,0.20977976857036207,562,2679,0.12377024511497772,male
Group 2,0.20371867421180276,504,2474,0.1438965238480194,female
Total,0.2068697845915001,1066,5153,0.004737772266369733,female
