,accuracy,correct,count,Accuracy Parity,Accuracy Parity Class
male_1,0.3539518900343643,103.0,291.0,,
male_2,0.5397923875432526,156.0,289.0,,
female_1,0.48109965635738833,140.0,291.0,,
female_2,0.27335640138408307,79.0,289.0,,
male,0.44655172413793104,259.0,580.0,,
female,0.3775862068965517,219.0,580.0,,
Group 1,0.4175257731958763,243,582,0.12714776632302405,female
Group 2,0.40657439446366783,235,578,0.2664359861591696,male
Total,0.41206896551724137,478,1160,0.06896551724137934,male
