,accuracy,correct,count,Accuracy Parity,Accuracy Parity Class
male_1,0.16417910447761194,220.0,1340.0,,
male_2,0.23120452708164915,286.0,1237.0,,
female_1,0.25093353248693057,336.0,1339.0,,
female_2,0.13177041228779304,163.0,1237.0,,
male,0.1963523476911137,506.0,2577.0,,
female,0.19371118012422361,499.0,2576.0,,
Group 1,0.20754012691302726,556,2679,0.08675442800931862,female
Group 2,0.1814874696847211,449,2474,0.09943411479385611,male
Total,0.195032020182418,1005,5153,0.0026411675668900902,male
