,accuracy,correct,count,Accuracy Parity,Accuracy Parity Class
male_1,0.4639175257731959,135.0,291.0,,
male_2,0.2629757785467128,76.0,289.0,,
female_1,0.27835051546391754,81.0,291.0,,
female_2,0.4359861591695502,126.0,289.0,,
male,0.36379310344827587,211.0,580.0,,
female,0.3568965517241379,207.0,580.0,,
Group 1,0.3711340206185567,216,582,0.18556701030927836,male
Group 2,0.3494809688581315,202,578,0.1730103806228374,female
Total,0.3603448275862069,418,1160,0.006896551724137945,male
