,accuracy,correct,count,Accuracy Parity,Accuracy Parity Class
male_1,0.24328358208955222,326.0,1340.0,,
male_2,0.10347615198059822,128.0,1237.0,,
female_1,0.13368185212845407,179.0,1339.0,,
female_2,0.24090541632983023,298.0,1237.0,,
male,0.17617384555684906,454.0,2577.0,,
female,0.18517080745341616,477.0,2576.0,,
Group 1,0.18850317282568121,505,2679,0.10960172996109815,male
Group 2,0.17219078415521422,426,2474,0.13742926434923203,female
Total,0.18067145352222005,931,5153,0.008996961896567096,female
