,accuracy,correct,count,Accuracy Parity,Accuracy Parity Class
male_1,0.2298507462686567,308.0,1340.0,,
male_2,0.2085691188358933,258.0,1237.0,,
female_1,0.24122479462285287,323.0,1339.0,,
female_2,0.2231204527081649,276.0,1237.0,,
male,0.21963523476911137,566.0,2577.0,,
female,0.23253105590062112,599.0,2576.0,,
Group 1,0.23553564762971257,631,2679,0.01137404835419617,female
Group 2,0.2158447857720291,534,2474,0.014551333872271616,female
Total,0.22608189404230544,1165,5153,0.01289582113150975,female
