,accuracy,correct,count,Accuracy Parity,Accuracy Parity Class
male_1,0.3161512027491409,92.0,291.0,,
male_2,0.5155709342560554,149.0,289.0,,
female_1,0.47079037800687284,137.0,291.0,,
female_2,0.2664359861591695,77.0,289.0,,
male,0.41551724137931034,241.0,580.0,,
female,0.3689655172413793,214.0,580.0,,
Group 1,0.39347079037800686,229,582,0.15463917525773196,female
Group 2,0.39100346020761245,226,578,0.24913494809688586,male
Total,0.3922413793103448,455,1160,0.046551724137931016,male
