,accuracy,correct,count,Accuracy Parity,Accuracy Parity Class
male_1,0.25,335.0,1340.0,,
male_2,0.10751818916734034,133.0,1237.0,,
female_1,0.16056758775205376,215.0,1339.0,,
female_2,0.21665319320937754,268.0,1237.0,,
male,0.18160651920838183,468.0,2577.0,,
female,0.1875,483.0,2576.0,,
Group 1,0.20530048525569242,550,2679,0.08943241224794624,male
Group 2,0.16208569118835894,401,2474,0.1091350040420372,female
Total,0.18455268775470599,951,5153,0.005893480791618166,female
