,accuracy,correct,count,Accuracy Parity,Accuracy Parity Class
male_1,0.1134020618556701,33.0,291.0,,
male_2,0.2560553633217993,74.0,289.0,,
female_1,0.061855670103092786,18.0,291.0,,
female_2,0.2768166089965398,80.0,289.0,,
male,0.18448275862068966,107.0,580.0,,
female,0.16896551724137931,98.0,580.0,,
Group 1,0.08762886597938144,51,582,0.05154639175257732,male
Group 2,0.2664359861591695,154,578,0.020761245674740525,female
Total,0.17672413793103448,205,1160,0.015517241379310348,male
