,accuracy,correct,count,Accuracy Parity,Accuracy Parity Class
male_1,0.25223880597014925,338.0,1340.0,,
male_2,0.25545675020210185,316.0,1237.0,,
female_1,0.2591486183719193,347.0,1339.0,,
female_2,0.274858528698464,340.0,1237.0,,
male,0.25378346915017463,654.0,2577.0,,
female,0.26669254658385094,687.0,2576.0,,
Group 1,0.255692422545726,685,2679,0.006909812401770077,female
Group 2,0.2651576394502829,656,2474,0.019401778496362154,female
Total,0.26023675528818163,1341,5153,0.012909077433676308,female
