,accuracy,correct,count,Accuracy Parity,Accuracy Parity Class
male_1,0.13880597014925372,186.0,1340.0,,
male_2,0.2360549717057397,292.0,1237.0,,
female_1,0.239731142643764,321.0,1339.0,,
female_2,0.1059013742926435,131.0,1237.0,,
male,0.1854870003880481,478.0,2577.0,,
female,0.17546583850931677,452.0,2576.0,,
Group 1,0.18924972004479285,507,2679,0.10092517249451027,female
Group 2,0.1709781729991916,423,2474,0.13015359741309618,male
Total,0.18047739181059577,930,5153,0.010021161878731338,male
