,accuracy,correct,count,Accuracy Parity,Accuracy Parity Class
male_1,0.358600583090379,123.0,343.0,,
male_2,0.39644970414201186,134.0,338.0,,
female_1,0.3299319727891156,97.0,294.0,,
female_2,0.4375,140.0,320.0,,
male,0.37738619676945667,257.0,681.0,,
female,0.38599348534201955,237.0,614.0,,
Group 1,0.3453689167974882,220,637,0.028668610301263386,male
Group 2,0.41641337386018235,274,658,0.04105029585798814,female
Total,0.38146718146718145,494,1295,0.008607288572562877,female
