,accuracy,correct,count,Accuracy Parity,Accuracy Parity Class
male_1,0.13402061855670103,39.0,291.0,,
male_2,0.20069204152249134,58.0,289.0,,
female_1,0.07216494845360824,21.0,291.0,,
female_2,0.2560553633217993,74.0,289.0,,
male,0.16724137931034483,97.0,580.0,,
female,0.16379310344827586,95.0,580.0,,
Group 1,0.10309278350515463,60,582,0.061855670103092786,male
Group 2,0.22837370242214533,132,578,0.055363321799307946,female
Total,0.16551724137931034,192,1160,0.0034482758620689724,male
