,accuracy,correct,count,Accuracy Parity,Accuracy Parity Class
male_1,0.5085910652920962,148.0,291.0,,
male_2,0.2560553633217993,74.0,289.0,,
female_1,0.27147766323024053,79.0,291.0,,
female_2,0.4602076124567474,133.0,289.0,,
male,0.38275862068965516,222.0,580.0,,
female,0.36551724137931035,212.0,580.0,,
Group 1,0.3900343642611684,227,582,0.23711340206185566,male
Group 2,0.35813148788927335,207,578,0.20415224913494812,female
Total,0.3741379310344828,434,1160,0.017241379310344807,male
