,accuracy,correct,count,Accuracy Parity,Accuracy Parity Class
male_1,0.24104477611940298,323.0,1340.0,,
male_2,0.2029102667744543,251.0,1237.0,,
female_1,0.24570575056011948,329.0,1339.0,,
female_2,0.2029102667744543,251.0,1237.0,,
male,0.2227396197128444,574.0,2577.0,,
female,0.2251552795031056,580.0,2576.0,,
Group 1,0.24337439343038447,652,2679,0.004660974440716503,female
Group 2,0.2029102667744543,502,2474,0.0,female
Total,0.2239472152144382,1154,5153,0.0024156597902612043,female
