,accuracy,correct,count,Accuracy Parity,Accuracy Parity Class
male_1,0.3263707571801567,625.0,1915.0,,
male_2,0.27483640690065436,462.0,1681.0,,
female_1,0.3333333333333333,531.0,1593.0,,
female_2,0.328,492.0,1500.0,,
male,0.30228031145717466,1087.0,3596.0,,
female,0.33074684772065954,1023.0,3093.0,,
Group 1,0.3295324971493729,1156,3508,0.006962576153176636,female
Group 2,0.29990569003458034,954,3181,0.05316359309934565,female
Total,0.3154432650620422,2110,6689,0.028466536263484887,female
