,accuracy,correct,count,Accuracy Parity,Accuracy Parity Class
male_1,0.09621993127147767,28.0,291.0,,
male_2,0.13494809688581316,39.0,289.0,,
female_1,0.09621993127147767,28.0,291.0,,
female_2,0.1453287197231834,42.0,289.0,,
male,0.11551724137931034,67.0,580.0,,
female,0.1206896551724138,70.0,580.0,,
Group 1,0.09621993127147767,56,582,0.0,female
Group 2,0.14013840830449828,81,578,0.010380622837370235,female
Total,0.11810344827586207,137,1160,0.005172413793103459,female
