,accuracy,correct,count,Accuracy Parity,Accuracy Parity Class
male_1,0.24776119402985075,332.0,1340.0,,
male_2,0.25464834276475345,315.0,1237.0,,
female_1,0.26138909634055263,350.0,1339.0,,
female_2,0.2586903799514956,320.0,1237.0,,
male,0.25106713232440825,647.0,2577.0,,
female,0.26009316770186336,670.0,2576.0,,
Group 1,0.2545726017170586,682,2679,0.013627902310701878,female
Group 2,0.2566693613581245,635,2474,0.00404203718674212,female
Total,0.2555792742091985,1317,5153,0.00902603537745511,female
