,accuracy,correct,count,Accuracy Parity,Accuracy Parity Class
male_1,0.2746268656716418,368.0,1340.0,,
male_2,0.2740501212611156,339.0,1237.0,,
female_1,0.2949962658700523,395.0,1339.0,,
female_2,0.26839126919967665,332.0,1237.0,,
male,0.2743500194024059,707.0,2577.0,,
female,0.2822204968944099,727.0,2576.0,,
Group 1,0.2848077640910788,763,2679,0.020369400198410492,female
Group 2,0.2712206952303961,671,2474,0.005658852061438957,male
Total,0.2782844944692412,1434,5153,0.007870477492004035,female
