,accuracy,correct,count,Accuracy Parity,Accuracy Parity Class
male_1,0.18208955223880596,244.0,1340.0,,
male_2,0.23767178658043653,294.0,1237.0,,
female_1,0.2658700522778193,356.0,1339.0,,
female_2,0.1463217461600647,181.0,1237.0,,
male,0.2087698874660458,538.0,2577.0,,
female,0.20846273291925466,537.0,2576.0,,
Group 1,0.22396416573348266,600,2679,0.08378050003901333,female
Group 2,0.1919967663702506,475,2474,0.09135004042037184,male
Total,0.20861633999611875,1075,5153,0.00030715454679114407,male
