,accuracy,correct,count,Accuracy Parity,Accuracy Parity Class
male_1,0.1828358208955224,245.0,1340.0,,
male_2,0.23767178658043653,294.0,1237.0,,
female_1,0.2666168782673637,357.0,1339.0,,
female_2,0.14551333872271624,180.0,1237.0,,
male,0.2091579355840124,539.0,2577.0,,
female,0.20846273291925466,537.0,2576.0,,
Group 1,0.22471071295259426,602,2679,0.0837810573718413,female
Group 2,0.1915925626515764,474,2474,0.09215844785772029,male
Total,0.20881040170774307,1076,5153,0.0006952026647577547,male
