,accuracy,correct,count,Accuracy Parity,Accuracy Parity Class
male_1,0.3333333333333333,97.0,291.0,,
male_2,0.3391003460207612,98.0,289.0,,
female_1,0.35738831615120276,104.0,291.0,,
female_2,0.35294117647058826,102.0,289.0,,
male,0.33620689655172414,195.0,580.0,,
female,0.35517241379310344,206.0,580.0,,
Group 1,0.34536082474226804,201,582,0.02405498281786944,female
Group 2,0.3460207612456747,200,578,0.013840830449827035,female
Total,0.3456896551724138,401,1160,0.018965517241379293,female
