,accuracy,correct,count,Accuracy Parity,Accuracy Parity Class
male_1,0.46647230320699706,160.0,343.0,,
male_2,0.4822485207100592,163.0,338.0,,
female_1,0.4557823129251701,134.0,294.0,,
female_2,0.475,152.0,320.0,,
male,0.47430249632892807,323.0,681.0,,
female,0.46579804560260585,286.0,614.0,,
Group 1,0.46153846153846156,294,637,0.010689990281826989,male
Group 2,0.4787234042553192,315,658,0.007248520710059214,male
Total,0.4702702702702703,609,1295,0.008504450726322221,male
