,accuracy,correct,count,Accuracy Parity,Accuracy Parity Class,Per Class Accuracy Parity,Male Parity Top 3 Classes,Female Parity Top 3 Classes
male_1,0.3597014925373134,482.0,1340.0,,,,,
male_2,0.3395311236863379,420.0,1237.0,,,,,
female_1,0.36519790888722925,489.0,1339.0,,,,,
female_2,0.32336297493936944,400.0,1237.0,,,,,
male,0.35001940240589835,902.0,2577.0,,,,,
female,0.3451086956521739,889.0,2576.0,,,,,
Group 1,0.3624486748786861,971,2679,0.0054964163499158225,female,0.10516987149417487,,
Group 2,0.3314470493128537,820,2474,0.01616814874696848,male,0.15820698286062057,,
Total,0.3475645255191151,1791,5153,0.004910706753724459,male,0.13168842717739773,"wringing (0.5555555555555556), wrinkling (0.49999999999999994), standing (0.46153846153846156)","wheeling (-0.46153846153846156), climbing (-0.45454545454545453), diving (-0.375)"
