,accuracy,correct,count,Accuracy Parity,Accuracy Parity Class
male_1,0.1873134328358209,251.0,1340.0,,
male_2,0.23039611964430073,285.0,1237.0,,
female_1,0.26362957430918593,353.0,1339.0,,
female_2,0.14551333872271624,180.0,1237.0,,
male,0.20799379123011252,536.0,2577.0,,
female,0.20690993788819875,533.0,2576.0,,
Group 1,0.22545726017170586,604,2679,0.07631614147336505,female
Group 2,0.1879547291835085,465,2474,0.0848827809215845,male
Total,0.20745196972637298,1069,5153,0.0010838533419137708,male
