,accuracy,correct,count,Accuracy Parity,Accuracy Parity Class,Per Class Accuracy Parity,Male Parity Top 3 Classes,Female Parity Top 3 Classes
male_1,0.3138381201044386,601.0,1915.0,,,,,
male_2,0.2552052349791791,429.0,1681.0,,,,,
female_1,0.3182674199623352,507.0,1593.0,,,,,
female_2,0.30866666666666664,463.0,1500.0,,,,,
male,0.2864293659621802,1030.0,3596.0,,,,,
female,0.31361138053669574,970.0,3093.0,,,,,
Group 1,0.31584948688711517,1108,3508,0.004429299857896585,female,0.1453886398582295,,
Group 2,0.2804149638478466,892,3181,0.05346143168748757,female,0.14096834747064566,,
Total,0.2989983555090447,2000,6689,0.027182014574515523,female,0.1431784936644376,"baking (0.4717948717948718), operating (0.3684210526315789), raking (0.36666666666666664)","buckling (-0.5666666666666667), shrugging (-0.46153846153846156), pumping (-0.41666666666666663)"
