,accuracy,correct,count,Accuracy Parity,Accuracy Parity Class
male_1,0.13702623906705538,47.0,343.0,,
male_2,0.15680473372781065,53.0,338.0,,
female_1,0.1326530612244898,39.0,294.0,,
female_2,0.165625,53.0,320.0,,
male,0.14684287812041116,100.0,681.0,,
female,0.1498371335504886,92.0,614.0,,
Group 1,0.13500784929356358,86,637,0.004373177842565579,male
Group 2,0.16109422492401215,106,658,0.008820266272189348,female
Total,0.14826254826254825,192,1295,0.002994255430077447,female
