,accuracy,correct,count,Accuracy Parity,Accuracy Parity Class
male_1,0.3230240549828179,94.0,291.0,,
male_2,0.28719723183391005,83.0,289.0,,
female_1,0.2268041237113402,66.0,291.0,,
female_2,0.4117647058823529,119.0,289.0,,
male,0.30517241379310345,177.0,580.0,,
female,0.31896551724137934,185.0,580.0,,
Group 1,0.27491408934707906,160,582,0.09621993127147768,male
Group 2,0.3494809688581315,202,578,0.12456747404844287,female
Total,0.3120689655172414,362,1160,0.01379310344827589,female
