,accuracy,correct,count,Accuracy Parity,Accuracy Parity Class
male_1,0.27611940298507465,370.0,1340.0,,
male_2,0.2667744543249798,330.0,1237.0,,
female_1,0.2793129200896191,374.0,1339.0,,
female_2,0.2603071948261924,322.0,1237.0,,
male,0.2716336825766395,700.0,2577.0,,
female,0.2701863354037267,696.0,2576.0,,
Group 1,0.2777155655095185,744,2679,0.0031935171045444632,female
Group 2,0.2635408245755861,652,2474,0.006467259498787403,male
Total,0.27091014942751795,1396,5153,0.001447347172912783,male
