,accuracy,correct,count,Accuracy Parity,Accuracy Parity Class,Per Class Accuracy Parity,Male Parity Top 3 Classes,Female Parity Top 3 Classes
male_1,0.2884902840059791,386.0,1338.0,,,,,
male_2,0.26537216828478966,328.0,1236.0,,,,,
female_1,0.3086696562032885,413.0,1338.0,,,,,
female_2,0.279126213592233,345.0,1236.0,,,,,
male,0.2773892773892774,714.0,2574.0,,,,,
female,0.29448329448329447,758.0,2574.0,,,,,
Group 1,0.2985799701046338,799,2676,0.02017937219730942,female,0.1404941781215,,
Group 2,0.27224919093851135,673,2472,0.013754045307443341,female,0.14939023016886788,,
Total,0.28593628593628595,1472,5148,0.01709401709401709,female,0.14494220414518394,"autographing (0.5), begging (0.5), buttoning (0.41666666666666674)","strapping (-0.6), pedaling (-0.5), studying (-0.5)"
