,accuracy,correct,count,Accuracy Parity,Accuracy Parity Class,Per Class Accuracy Parity,Male Parity Top 3 Classes,Female Parity Top 3 Classes
male_1,0.2929745889387145,392.0,1338.0,,,,,
male_2,0.25485436893203883,315.0,1236.0,,,,,
female_1,0.3094170403587444,414.0,1338.0,,,,,
female_2,0.28398058252427183,351.0,1236.0,,,,,
male,0.27466977466977466,707.0,2574.0,,,,,
female,0.2972027972027972,765.0,2574.0,,,,,
Group 1,0.30119581464872947,806,2676,0.016442451420029924,female,0.13138153259708976,,
Group 2,0.26941747572815533,666,2472,0.029126213592232997,female,0.12854219138274858,,
Total,0.28593628593628595,1472,5148,0.02253302253302253,female,0.1299618619899192,"frying (0.4444444444444444), autographing (0.4), raking (0.39999999999999997)","sneezing (-0.5454545454545454), strapping (-0.5), buckling (-0.4444444444444445)"
