,accuracy,correct,count,Accuracy Parity,Accuracy Parity Class
male_1,0.03436426116838488,10.0,291.0,,
male_2,0.08304498269896193,24.0,289.0,,
female_1,0.024054982817869417,7.0,291.0,,
female_2,0.0657439446366782,19.0,289.0,,
male,0.05862068965517241,34.0,580.0,,
female,0.04482758620689655,26.0,580.0,,
Group 1,0.029209621993127148,17,582,0.010309278350515465,male
Group 2,0.07439446366782007,43,578,0.01730103806228374,male
Total,0.05172413793103448,60,1160,0.013793103448275862,male
