,accuracy,correct,count,Accuracy Parity,Accuracy Parity Class,Per Class Accuracy Parity,Male Parity Top 3 Classes,Female Parity Top 3 Classes
male_1,0.3656716417910448,490.0,1340.0,,,,,
male_2,0.34842360549717055,431.0,1237.0,,,,,
female_1,0.3793876026885736,508.0,1339.0,,,,,
female_2,0.3330638641875505,412.0,1237.0,,,,,
male,0.3573923166472643,921.0,2577.0,,,,,
female,0.35714285714285715,920.0,2576.0,,,,,
Group 1,0.3725270623366928,998,2679,0.0137159608975288,female,0.12314983494317856,,
Group 2,0.34074373484236053,843,2474,0.015359741309620034,male,0.14316464452300356,,
Total,0.3572676111003299,1841,5153,0.0002494595044071346,male,0.1331572397330911,"wrinkling (0.6000000000000001), standing (0.5384615384615385), scolding (0.375)","climbing (-0.45454545454545453), pouting (-0.45454545454545453), sneezing (-0.45454545454545453)"
