,accuracy,correct,count,Accuracy Parity,Accuracy Parity Class
male_1,0.3745704467353952,109.0,291.0,,
male_2,0.2560553633217993,74.0,289.0,,
female_1,0.24398625429553264,71.0,291.0,,
female_2,0.370242214532872,107.0,289.0,,
male,0.31551724137931036,183.0,580.0,,
female,0.30689655172413793,178.0,580.0,,
Group 1,0.30927835051546393,180,582,0.13058419243986255,male
Group 2,0.31314878892733566,181,578,0.11418685121107269,female
Total,0.3112068965517241,361,1160,0.008620689655172431,male
