,accuracy,correct,count,Accuracy Parity,Accuracy Parity Class
male_1,0.5189003436426117,151.0,291.0,,
male_2,0.28027681660899656,81.0,289.0,,
female_1,0.29553264604810997,86.0,291.0,,
female_2,0.4671280276816609,135.0,289.0,,
male,0.4,232.0,580.0,,
female,0.3810344827586207,221.0,580.0,,
Group 1,0.4072164948453608,237,582,0.22336769759450176,male
Group 2,0.3737024221453287,216,578,0.18685121107266434,female
Total,0.3905172413793103,453,1160,0.018965517241379348,male
