,accuracy,correct,count,Accuracy Parity,Accuracy Parity Class
male_1,0.46355685131195334,159.0,343.0,,
male_2,0.4822485207100592,163.0,338.0,,
female_1,0.4557823129251701,134.0,294.0,,
female_2,0.475,152.0,320.0,,
male,0.47283406754772395,322.0,681.0,,
female,0.46579804560260585,286.0,614.0,,
Group 1,0.4599686028257457,293,637,0.00777453838678327,male
Group 2,0.4787234042553192,315,658,0.007248520710059214,male
Total,0.4694980694980695,608,1295,0.007036021945118098,male
