,accuracy,correct,count,Accuracy Parity,Accuracy Parity Class
male_1,0.32611940298507464,437.0,1340.0,,
male_2,0.15683104284559418,194.0,1237.0,,
female_1,0.17849141150112025,239.0,1339.0,,
female_2,0.3055780113177041,378.0,1237.0,,
male,0.24485836243694217,631.0,2577.0,,
female,0.23951863354037267,617.0,2576.0,,
Group 1,0.2523329600597238,676,2679,0.1476279914839544,male
Group 2,0.23120452708164915,572,2474,0.14874696847210994,female
Total,0.24218901610712207,1248,5153,0.005339728896569501,male
