,accuracy,correct,count,Accuracy Parity,Accuracy Parity Class
male_1,0.31417910447761194,421.0,1340.0,,
male_2,0.185125303152789,229.0,1237.0,,
female_1,0.19044062733383121,255.0,1339.0,,
female_2,0.3241713823767179,401.0,1237.0,,
male,0.25223127667830814,650.0,2577.0,,
female,0.2546583850931677,656.0,2576.0,,
Group 1,0.2523329600597238,676,2679,0.12373847714378072,male
Group 2,0.25464834276475345,630,2474,0.1390460792239289,female
Total,0.25344459538133124,1306,5153,0.0024271084148595468,female
