,accuracy,correct,count,Accuracy Parity,Accuracy Parity Class
male_1,0.2616187989556136,501.0,1915.0,,
male_2,0.206424747174301,347.0,1681.0,,
female_1,0.26114249843063403,416.0,1593.0,,
female_2,0.2733333333333333,410.0,1500.0,,
male,0.23581757508342602,848.0,3596.0,,
female,0.2670546395085677,826.0,3093.0,,
Group 1,0.2614025085518814,917,3508,0.0004763005249795449,male
Group 2,0.2379754794089909,757,3181,0.06690858615903231,female
Total,0.2502616235610704,1674,6689,0.03123706442514171,female
