,accuracy,correct,count,Accuracy Parity,Accuracy Parity Class
male_1,0.048109965635738834,14.0,291.0,,
male_2,0.15916955017301038,46.0,289.0,,
female_1,0.048109965635738834,14.0,291.0,,
female_2,0.15570934256055363,45.0,289.0,,
male,0.10344827586206896,60.0,580.0,,
female,0.10172413793103448,59.0,580.0,,
Group 1,0.048109965635738834,28,582,0.0,female
Group 2,0.157439446366782,91,578,0.003460207612456745,male
Total,0.10258620689655172,119,1160,0.0017241379310344862,male
