,accuracy,correct,count,Accuracy Parity,Accuracy Parity Class
male_1,0.18955223880597014,254.0,1340.0,,
male_2,0.2764753435731609,342.0,1237.0,,
female_1,0.28230022404779687,378.0,1339.0,,
female_2,0.15359741309620048,190.0,1237.0,,
male,0.23127667830811022,596.0,2577.0,,
female,0.2204968944099379,568.0,2576.0,,
Group 1,0.23590892123926838,632,2679,0.09274798524182673,female
Group 2,0.21503637833468067,532,2474,0.12287793047696041,male
Total,0.22588783233068116,1164,5153,0.01077978389817233,male
