,accuracy,correct,count,Accuracy Parity,Accuracy Parity Class
male_1,0.18358208955223881,246.0,1340.0,,
male_2,0.29830234438156833,369.0,1237.0,,
female_1,0.29424943988050783,394.0,1339.0,,
female_2,0.16410670978173,203.0,1237.0,,
male,0.23864959254947612,615.0,2577.0,,
female,0.23175465838509315,597.0,2576.0,,
Group 1,0.23889511011571482,640,2679,0.11066735032826902,female
Group 2,0.23120452708164915,572,2474,0.13419563459983833,male
Total,0.2352027944886474,1212,5153,0.006894934164382971,male
