,accuracy,correct,count,Accuracy Parity,Accuracy Parity Class
male_1,0.20298507462686566,272.0,1340.0,,
male_2,0.31689571544058204,392.0,1237.0,,
female_1,0.30694548170276326,411.0,1339.0,,
female_2,0.16248989490703314,201.0,1237.0,,
male,0.2576639503298409,664.0,2577.0,,
female,0.2375776397515528,612.0,2576.0,,
Group 1,0.2549458753266144,683,2679,0.1039604070758976,female
Group 2,0.2396928051738076,593,2474,0.1544058205335489,male
Total,0.24762274403260237,1276,5153,0.020086310578288108,male
