,accuracy,correct,count,Accuracy Parity,Accuracy Parity Class
male_1,0.3082089552238806,413.0,1340.0,,
male_2,0.18350848827809216,227.0,1237.0,,
female_1,0.1882001493651979,252.0,1339.0,,
female_2,0.30638641875505257,379.0,1237.0,,
male,0.24835079549864184,640.0,2577.0,,
female,0.24495341614906832,631.0,2576.0,,
Group 1,0.24822695035460993,665,2679,0.12000880585868268,male
Group 2,0.24494745351657235,606,2474,0.12287793047696041,female
Total,0.24665243547448087,1271,5153,0.003397379349573515,male
