,accuracy,correct,count,Accuracy Parity,Accuracy Parity Class,Per Class Accuracy Parity,Male Parity Top 3 Classes,Female Parity Top 3 Classes
male_1,0.3018276762402089,578.0,1915.0,,,,,
male_2,0.27900059488399764,469.0,1681.0,,,,,
female_1,0.30069052102950405,479.0,1593.0,,,,,
female_2,0.306,459.0,1500.0,,,,,
male,0.2911568409343715,1047.0,3596.0,,,,,
female,0.30326543808600065,938.0,3093.0,,,,,
Group 1,0.3013112884834664,1057,3508,0.0011371552107048433,male,0.139313960425222,,
Group 2,0.2917321596982081,928,3181,0.02699940511600235,female,0.12611405142794885,,
Total,0.29675586784272684,1985,6689,0.012108597151629152,female,0.13271400592658547,"lathering (0.6363636363636364), counting (0.47058823529411764), raking (0.36666666666666664)","saluting (-0.4444444444444444), mopping (-0.43809523809523815), wrinkling (-0.4217391304347826)"
