,accuracy,correct,count,Accuracy Parity,Accuracy Parity Class
male_1,0.3539518900343643,103.0,291.0,,
male_2,0.5363321799307958,155.0,289.0,,
female_1,0.47766323024054985,139.0,291.0,,
female_2,0.2629757785467128,76.0,289.0,,
male,0.44482758620689655,258.0,580.0,,
female,0.3706896551724138,215.0,580.0,,
Group 1,0.41580756013745707,242,582,0.12371134020618557,female
Group 2,0.39965397923875434,231,578,0.27335640138408307,male
Total,0.4077586206896552,473,1160,0.07413793103448274,male
