,accuracy,correct,count,Accuracy Parity,Accuracy Parity Class
male_1,0.1865671641791045,250.0,1340.0,,
male_2,0.17057396928051738,211.0,1237.0,,
female_1,0.17998506348020912,241.0,1339.0,,
female_2,0.1915925626515764,237.0,1237.0,,
male,0.17889018238261545,461.0,2577.0,,
female,0.18555900621118013,478.0,2576.0,,
Group 1,0.18327734229189996,491,2679,0.006582100698895366,male
Group 2,0.18108326596604687,448,2474,0.02101859337105902,female
Total,0.18222394721521443,939,5153,0.0066688238285646795,female
