,accuracy,correct,count,Accuracy Parity,Accuracy Parity Class
male_1,0.30522388059701494,409.0,1340.0,,
male_2,0.17946645109135004,222.0,1237.0,,
female_1,0.19118745332337567,256.0,1339.0,,
female_2,0.3104284559417947,384.0,1237.0,,
male,0.24485836243694217,631.0,2577.0,,
female,0.2484472049689441,640.0,2576.0,,
Group 1,0.24822695035460993,665,2679,0.11403642727363927,male
Group 2,0.24494745351657235,606,2474,0.13096200485044465,female
Total,0.24665243547448087,1271,5153,0.0035888425320019235,female
