,accuracy,correct,count,Accuracy Parity,Accuracy Parity Class
male_1,0.061855670103092786,18.0,291.0,,
male_2,0.15916955017301038,46.0,289.0,,
female_1,0.058419243986254296,17.0,291.0,,
female_2,0.07958477508650519,23.0,289.0,,
male,0.1103448275862069,64.0,580.0,,
female,0.06896551724137931,40.0,580.0,,
Group 1,0.06013745704467354,35,582,0.0034364261168384896,male
Group 2,0.11937716262975778,69,578,0.07958477508650519,male
Total,0.0896551724137931,104,1160,0.041379310344827586,male
