,accuracy,correct,count,Accuracy Parity,Accuracy Parity Class
male_1,0.3127147766323024,91.0,291.0,,
male_2,0.5086505190311419,147.0,289.0,,
female_1,0.46048109965635736,134.0,291.0,,
female_2,0.2629757785467128,76.0,289.0,,
male,0.4103448275862069,238.0,580.0,,
female,0.3620689655172414,210.0,580.0,,
Group 1,0.3865979381443299,225,582,0.14776632302405496,female
Group 2,0.38581314878892736,223,578,0.2456747404844291,male
Total,0.38620689655172413,448,1160,0.0482758620689655,male
