,accuracy,correct,count,Accuracy Parity,Accuracy Parity Class
male_1,0.5360824742268041,156.0,291.0,,
male_2,0.2664359861591695,77.0,289.0,,
female_1,0.3024054982817869,88.0,291.0,,
female_2,0.4809688581314879,139.0,289.0,,
male,0.4017241379310345,233.0,580.0,,
female,0.3913793103448276,227.0,580.0,,
Group 1,0.41924398625429554,244,582,0.23367697594501718,male
Group 2,0.3737024221453287,216,578,0.21453287197231835,female
Total,0.39655172413793105,460,1160,0.010344827586206917,male
