,accuracy,correct,count,Accuracy Parity,Accuracy Parity Class
male_1,0.15746268656716417,211.0,1340.0,,
male_2,0.185125303152789,229.0,1237.0,,
female_1,0.23674383868558627,317.0,1339.0,,
female_2,0.1293451899757478,160.0,1237.0,,
male,0.17074117190531626,440.0,2577.0,,
female,0.18517080745341616,477.0,2576.0,,
Group 1,0.19708846584546472,528,2679,0.0792811521184221,female
Group 2,0.1572352465642684,389,2474,0.05578011317704121,male
Total,0.1779545895594799,917,5153,0.014429635548099895,female
