,accuracy,correct,count,Accuracy Parity,Accuracy Parity Class
male_1,0.140893470790378,41.0,291.0,,
male_2,0.20761245674740483,60.0,289.0,,
female_1,0.14432989690721648,42.0,291.0,,
female_2,0.1903114186851211,55.0,289.0,,
male,0.17413793103448275,101.0,580.0,,
female,0.16724137931034483,97.0,580.0,,
Group 1,0.14261168384879724,83,582,0.0034364261168384758,female
Group 2,0.19896193771626297,115,578,0.017301038062283725,male
Total,0.1706896551724138,198,1160,0.006896551724137917,male
