,accuracy,correct,count,Accuracy Parity,Accuracy Parity Class
male_1,0.39941690962099125,137.0,343.0,,
male_2,0.4230769230769231,143.0,338.0,,
female_1,0.4013605442176871,118.0,294.0,,
female_2,0.46875,150.0,320.0,,
male,0.4111600587371512,280.0,681.0,,
female,0.4364820846905538,268.0,614.0,,
Group 1,0.4003139717425432,255,637,0.0019436345966958313,female
Group 2,0.4452887537993921,293,658,0.04567307692307693,female
Total,0.42316602316602314,548,1295,0.02532202595340255,female
