,accuracy,correct,count,Accuracy Parity,Accuracy Parity Class
male_1,0.24925373134328357,334.0,1340.0,,
male_2,0.253839935327405,314.0,1237.0,,
female_1,0.25317401045556387,339.0,1339.0,,
female_2,0.2627324171382377,325.0,1237.0,,
male,0.25145518044237486,648.0,2577.0,,
female,0.2577639751552795,664.0,2576.0,,
Group 1,0.25121313923105637,673,2679,0.003920279112280295,female
Group 2,0.25828617623282135,639,2474,0.008892481810832686,female
Total,0.25460896565107705,1312,5153,0.006308794712904631,female
