,accuracy,correct,count,Accuracy Parity,Accuracy Parity Class
male_1,0.4329896907216495,126.0,291.0,,
male_2,0.43252595155709345,125.0,289.0,,
female_1,0.43986254295532645,128.0,291.0,,
female_2,0.4083044982698962,118.0,289.0,,
male,0.43275862068965515,251.0,580.0,,
female,0.4241379310344828,246.0,580.0,,
Group 1,0.436426116838488,254,582,0.0068728522336769515,female
Group 2,0.4204152249134948,243,578,0.02422145328719727,male
Total,0.42844827586206896,497,1160,0.008620689655172376,male
