,accuracy,correct,count,Accuracy Parity,Accuracy Parity Class
male_1,0.31958762886597936,93.0,291.0,,
male_2,0.31833910034602075,92.0,289.0,,
female_1,0.3436426116838488,100.0,291.0,,
female_2,0.29411764705882354,85.0,289.0,,
male,0.31896551724137934,185.0,580.0,,
female,0.31896551724137934,185.0,580.0,,
Group 1,0.3316151202749141,193,582,0.02405498281786944,female
Group 2,0.3062283737024221,177,578,0.024221453287197214,male
Total,0.31896551724137934,370,1160,0.0,female
