,accuracy,correct,count,Accuracy Parity,Accuracy Parity Class
male_1,0.3248041775456919,622.0,1915.0,,
male_2,0.26710291493158833,449.0,1681.0,,
female_1,0.3107344632768362,495.0,1593.0,,
female_2,0.318,477.0,1500.0,,
male,0.2978309232480534,1071.0,3596.0,,
female,0.3142580019398642,972.0,3093.0,,
Group 1,0.3184150513112885,1117,3508,0.014069714268855726,male
Group 2,0.2911034265954103,926,3181,0.050897085068411674,female
Total,0.3054268201524892,2043,6689,0.016427078691810815,female
