,accuracy,correct,count,Accuracy Parity,Accuracy Parity Class
male_1,0.3362924281984334,644.0,1915.0,,
male_2,0.2813801308744795,473.0,1681.0,,
female_1,0.31324544883866917,499.0,1593.0,,
female_2,0.3253333333333333,488.0,1500.0,,
male,0.31062291434927697,1117.0,3596.0,,
female,0.31910766246362754,987.0,3093.0,,
Group 1,0.3258266818700114,1143,3508,0.02304697935976424,male
Group 2,0.30210625589437284,961,3181,0.04395320245885381,female
Total,0.31454626999551505,2104,6689,0.008484748114350571,female
