,accuracy,correct,count,Accuracy Parity,Accuracy Parity Class
male_1,0.28134328358208954,377.0,1340.0,,
male_2,0.274858528698464,340.0,1237.0,,
female_1,0.27408513816280805,367.0,1339.0,,
female_2,0.2700080840743735,334.0,1237.0,,
male,0.27823050058207216,717.0,2577.0,,
female,0.27212732919254656,701.0,2576.0,,
Group 1,0.2777155655095185,744,2679,0.007258145419281492,male
Group 2,0.27243330638641877,674,2474,0.004850444624090511,male
Total,0.27517950708325245,1418,5153,0.006103171389525597,male
