,accuracy,correct,count,Accuracy Parity,Accuracy Parity Class
male_1,0.3127147766323024,91.0,291.0,,
male_2,0.5051903114186851,146.0,289.0,,
female_1,0.47766323024054985,139.0,291.0,,
female_2,0.2664359861591695,77.0,289.0,,
male,0.4086206896551724,237.0,580.0,,
female,0.3724137931034483,216.0,580.0,,
Group 1,0.3951890034364261,230,582,0.16494845360824745,female
Group 2,0.38581314878892736,223,578,0.23875432525951557,male
Total,0.3905172413793103,453,1160,0.0362068965517241,male
