,accuracy,correct,count,Accuracy Parity,Accuracy Parity Class
male_1,0.40893470790378006,119.0,291.0,,
male_2,0.2629757785467128,76.0,289.0,,
female_1,0.23024054982817868,67.0,291.0,,
female_2,0.4532871972318339,131.0,289.0,,
male,0.33620689655172414,195.0,580.0,,
female,0.3413793103448276,198.0,580.0,,
Group 1,0.31958762886597936,186,582,0.17869415807560138,male
Group 2,0.35813148788927335,207,578,0.19031141868512114,female
Total,0.33879310344827585,393,1160,0.005172413793103459,female
