,accuracy,correct,count,Accuracy Parity,Accuracy Parity Class
male_1,0.2880597014925373,386.0,1340.0,,
male_2,0.1333872271624899,165.0,1237.0,,
female_1,0.14563106796116504,195.0,1339.0,,
female_2,0.2910266774454325,360.0,1237.0,,
male,0.21381451299961196,551.0,2577.0,,
female,0.2154503105590062,555.0,2576.0,,
Group 1,0.21687196715192236,581,2679,0.14242863353137225,male
Group 2,0.2122069523039612,525,2474,0.15763945028294257,female
Total,0.21463225305647196,1106,5153,0.0016357975593942475,female
