,accuracy,correct,count,Accuracy Parity,Accuracy Parity Class,Per Class Accuracy Parity,Male Parity Top 3 Classes,Female Parity Top 3 Classes
male_1,0.3123268698060942,451.0,1444.0,,,,,
male_2,0.27307692307692305,355.0,1300.0,,,,,
female_1,0.3287337662337662,405.0,1232.0,,,,,
female_2,0.30204778156996587,354.0,1172.0,,,,,
male,0.29373177842565595,806.0,2744.0,,,,,
female,0.31572379367720466,759.0,2404.0,,,,,
Group 1,0.31988041853512705,856,2676,0.016406896427672013,female,0.16302156728433817,,
Group 2,0.28681229773462785,709,2472,0.028970858493042817,female,0.15611806678873244,,
Total,0.304001554001554,1565,5148,0.021992015251548702,female,0.15956981703653522,"begging (0.6363636363636364), buttoning (0.5), frying (0.475)","buckling (-0.5555555555555556), shrugging (-0.5384615384615385), combing (-0.5)"
