,accuracy,correct,count,Accuracy Parity,Accuracy Parity Class
male_1,0.2544776119402985,341.0,1340.0,,
male_2,0.2562651576394503,317.0,1237.0,,
female_1,0.2598954443614638,348.0,1339.0,,
female_2,0.274858528698464,340.0,1237.0,,
male,0.25533566162204113,658.0,2577.0,,
female,0.2670807453416149,688.0,2576.0,,
Group 1,0.25718551698394926,689,2679,0.005417832421165281,female
Group 2,0.26556184316895715,657,2474,0.018593371059013708,female
Total,0.2612070638463031,1346,5153,0.011745083719573779,female
