,accuracy,correct,count,Accuracy Parity,Accuracy Parity Class
male_1,0.23968668407310706,459.0,1915.0,,
male_2,0.20880428316478286,351.0,1681.0,,
female_1,0.23854362837413684,380.0,1593.0,,
female_2,0.24666666666666667,370.0,1500.0,,
male,0.22525027808676307,810.0,3596.0,,
female,0.24248302618816683,750.0,3093.0,,
Group 1,0.23916761687571267,839,3508,0.001143055698970219,male
Group 2,0.22665828355862935,721,3181,0.03786238350188381,female
Total,0.23321871729705487,1560,6689,0.017232748101403766,female
