,accuracy,correct,count,Accuracy Parity,Accuracy Parity Class
male_1,0.1328358208955224,178.0,1340.0,,
male_2,0.11560226354082458,143.0,1237.0,,
female_1,0.15384615384615385,206.0,1339.0,,
female_2,0.13904607922392886,172.0,1237.0,,
male,0.12456344586728754,321.0,2577.0,,
female,0.14673913043478262,378.0,2576.0,,
Group 1,0.1433370660694289,384,2679,0.021010332950631455,female
Group 2,0.12732417138237673,315,2474,0.023443815683104288,female
Total,0.13564913642538326,699,5153,0.02217568456749508,female
