,accuracy,correct,count,Accuracy Parity,Accuracy Parity Class
male_1,0.23432835820895523,314.0,1340.0,,
male_2,0.21341956345998384,264.0,1237.0,,
female_1,0.24421209858103063,327.0,1339.0,,
female_2,0.2231204527081649,276.0,1237.0,,
male,0.2242918121847109,578.0,2577.0,,
female,0.23408385093167702,603.0,2576.0,,
Group 1,0.23926838372527062,641,2679,0.0098837403720754,female
Group 2,0.21827000808407437,540,2474,0.009700889248181077,female
Total,0.2291868814282942,1181,5153,0.00979203874696613,female
