,accuracy,correct,count,Accuracy Parity,Accuracy Parity Class
male_1,0.31865671641791044,427.0,1340.0,,
male_2,0.1576394502829426,195.0,1237.0,,
female_1,0.16878267363704258,226.0,1339.0,,
female_2,0.31608730800323365,391.0,1237.0,,
male,0.24136592937524254,622.0,2577.0,,
female,0.23951863354037267,617.0,2576.0,,
Group 1,0.24374766703994027,653,2679,0.14987404278086786,male
Group 2,0.2368633791430881,586,2474,0.15844785772029105,female
Total,0.24044246070250339,1239,5153,0.0018472958348698665,male
