,accuracy,correct,count,Accuracy Parity,Accuracy Parity Class
male_1,0.30671641791044774,411.0,1340.0,,
male_2,0.18108326596604687,224.0,1237.0,,
female_1,0.17998506348020912,241.0,1339.0,,
female_2,0.3144704931285368,389.0,1237.0,,
male,0.2464105549088087,635.0,2577.0,,
female,0.24456521739130435,630.0,2576.0,,
Group 1,0.24337439343038447,652,2679,0.1267313544302386,male
Group 2,0.24777687954729183,613,2474,0.13338722716248994,female
Total,0.2454880652047351,1265,5153,0.0018453375175043474,male
