,accuracy,correct,count,Accuracy Parity,Accuracy Parity Class
male_1,0.22336769759450173,65.0,291.0,,
male_2,0.3944636678200692,114.0,289.0,,
female_1,0.422680412371134,123.0,291.0,,
female_2,0.18339100346020762,53.0,289.0,,
male,0.3086206896551724,179.0,580.0,,
female,0.30344827586206896,176.0,580.0,,
Group 1,0.3230240549828179,188,582,0.1993127147766323,female
Group 2,0.2889273356401384,167,578,0.21107266435986158,male
Total,0.30603448275862066,355,1160,0.005172413793103459,male
