,accuracy,correct,count,Accuracy Parity,Accuracy Parity Class
male_1,0.2433420365535248,466.0,1915.0,,
male_2,0.2046400951814396,344.0,1681.0,,
female_1,0.24984306340238543,398.0,1593.0,,
female_2,0.25333333333333335,380.0,1500.0,,
male,0.22525027808676307,810.0,3596.0,,
female,0.25153572583252504,778.0,3093.0,,
Group 1,0.24629418472063855,864,3508,0.0065010268488606415,female
Group 2,0.22760138321282616,724,3181,0.04869323815189375,female
Total,0.23740469427418148,1588,6689,0.02628544774576197,female
