,accuracy,correct,count,Accuracy Parity,Accuracy Parity Class
male_1,0.25597014925373135,343.0,1340.0,,
male_2,0.26919967663702504,333.0,1237.0,,
female_1,0.26960418222554144,361.0,1339.0,,
female_2,0.253839935327405,314.0,1237.0,,
male,0.26232052774544046,676.0,2577.0,,
female,0.2620341614906832,675.0,2576.0,,
Group 1,0.2627846211272863,704,2679,0.013634032971810095,female
Group 2,0.261519805982215,647,2474,0.015359741309620034,male
Total,0.2621773724044246,1351,5153,0.0002863662547572532,male
