,accuracy,correct,count,Accuracy Parity,Accuracy Parity Class
male_1,0.28865979381443296,84.0,291.0,,
male_2,0.4982698961937716,144.0,289.0,,
female_1,0.49828178694158076,145.0,291.0,,
female_2,0.22145328719723184,64.0,289.0,,
male,0.3931034482758621,228.0,580.0,,
female,0.3603448275862069,209.0,580.0,,
Group 1,0.39347079037800686,229,582,0.2096219931271478,female
Group 2,0.35986159169550175,208,578,0.27681660899653976,male
Total,0.3767241379310345,437,1160,0.03275862068965518,male
