,accuracy,correct,count
male_1,0.37800687285223367,110.0,291.0
male_2,0.4982698961937716,144.0,289.0
female_1,0.4845360824742268,141.0,291.0
female_2,0.27335640138408307,79.0,289.0
