,accuracy,correct,count,Accuracy Parity,Accuracy Parity Class
male_1,0.26631853785900783,510.0,1915.0,,
male_2,0.22070196311719215,371.0,1681.0,,
female_1,0.2542372881355932,405.0,1593.0,,
female_2,0.274,411.0,1500.0,,
male,0.2449944382647386,881.0,3596.0,,
female,0.2638215324927255,816.0,3093.0,,
Group 1,0.26083238312428736,915,3508,0.012081249723414622,male
Group 2,0.24583464319396417,782,3181,0.053298036882807875,female
Total,0.25370010464942444,1697,6689,0.018827094227986896,female
