,accuracy,correct,count,Accuracy Parity,Accuracy Parity Class
male_1,0.5189003436426117,151.0,291.0,,
male_2,0.28027681660899656,81.0,289.0,,
female_1,0.3024054982817869,88.0,291.0,,
female_2,0.4844290657439446,140.0,289.0,,
male,0.4,232.0,580.0,,
female,0.3931034482758621,228.0,580.0,,
Group 1,0.4106529209621993,239,582,0.2164948453608248,male
Group 2,0.38235294117647056,221,578,0.20415224913494806,female
Total,0.39655172413793105,460,1160,0.006896551724137945,male
