,accuracy,correct,count,Accuracy Parity,Accuracy Parity Class
male_1,0.2920962199312715,85.0,291.0,,
male_2,0.5051903114186851,146.0,289.0,,
female_1,0.47079037800687284,137.0,291.0,,
female_2,0.21453287197231835,62.0,289.0,,
male,0.39827586206896554,231.0,580.0,,
female,0.3431034482758621,199.0,580.0,,
Group 1,0.38144329896907214,222,582,0.17869415807560135,female
Group 2,0.35986159169550175,208,578,0.29065743944636674,male
Total,0.3706896551724138,430,1160,0.05517241379310345,male
