,accuracy,correct,count,Accuracy Parity,Accuracy Parity Class
male_1,0.03436426116838488,10.0,291.0,,
male_2,0.08650519031141868,25.0,289.0,,
female_1,0.024054982817869417,7.0,291.0,,
female_2,0.06228373702422145,18.0,289.0,,
male,0.0603448275862069,35.0,580.0,,
female,0.04310344827586207,25.0,580.0,,
Group 1,0.029209621993127148,17,582,0.010309278350515465,male
Group 2,0.07439446366782007,43,578,0.024221453287197228,male
Total,0.05172413793103448,60,1160,0.017241379310344827,male
